"","school","sex","age","address","famsize","Pstatus","Medu","Fedu","Mjob","Fjob","reason","nursery","internet","guardian.x","traveltime.x","studytime.x","failures.x","schoolsup.x","famsup.x","paid.x","activities.x","higher.x","romantic.x","famrel.x","freetime.x","goout.x","Dalc.x","Walc.x","health.x","absences.x","G1.x","G2.x","G3.x","guardian.y","traveltime.y","studytime.y","failures.y","schoolsup.y","famsup.y","paid.y","activities.y","higher.y","romantic.y","famrel.y","freetime.y","goout.y","Dalc.y","Walc.y","health.y","absences.y","G1.y","G2.y","G3.y"
"1","GP","F",15,"R","GT3","T",1,1,"at_home","other","home","yes","yes","mother",2,4,1,"yes","yes","yes","yes","yes","no",3,1,2,1,1,1,2,7,10,10,"mother",2,4,0,"yes","yes","yes","yes","yes","no",3,1,2,1,1,1,4,13,13,13
"2","GP","F",15,"R","GT3","T",1,1,"other","other","reputation","no","yes","mother",1,2,2,"yes","yes","no","no","yes","yes",3,3,4,2,4,5,2,8,6,5,"mother",1,2,0,"yes","yes","no","no","yes","yes",3,3,4,2,4,5,2,13,11,11
"3","GP","F",15,"R","GT3","T",2,2,"at_home","other","reputation","yes","no","mother",1,1,0,"yes","yes","yes","yes","yes","no",4,3,1,1,1,2,8,14,13,13,"mother",1,1,0,"yes","yes","no","yes","yes","no",4,3,1,1,1,2,8,14,13,12
"4","GP","F",15,"R","GT3","T",2,4,"services","health","course","yes","yes","mother",1,3,0,"yes","yes","yes","yes","yes","no",4,3,2,1,1,5,2,10,9,8,"mother",1,3,0,"yes","yes","no","yes","yes","no",4,3,2,1,1,5,2,10,11,10
"5","GP","F",15,"R","GT3","T",3,3,"services","services","reputation","yes","yes","other",2,3,2,"no","yes","yes","yes","yes","yes",4,2,1,2,3,3,8,10,10,10,"other",2,3,0,"no","yes","yes","yes","yes","yes",4,2,1,2,3,3,2,13,13,13
"6","GP","F",15,"R","GT3","T",3,4,"services","health","course","yes","yes","mother",1,3,0,"yes","yes","yes","yes","yes","no",4,3,2,1,1,5,2,12,12,11,"mother",1,3,0,"yes","yes","no","yes","yes","no",4,3,2,1,1,5,2,11,12,12
"7","GP","F",15,"R","GT3","T",3,4,"services","teacher","course","yes","yes","father",2,3,2,"no","yes","no","no","yes","yes",4,2,2,2,2,5,0,12,0,0,"father",2,3,0,"no","yes","no","no","yes","yes",4,2,2,2,2,5,0,10,11,12
"8","GP","F",15,"R","LE3","T",2,2,"health","services","reputation","yes","yes","mother",2,2,0,"yes","yes","yes","no","yes","no",4,1,3,1,3,4,2,8,9,8,"mother",2,2,0,"yes","yes","no","no","yes","no",4,1,3,1,3,4,0,11,10,11
"9","GP","F",15,"R","LE3","T",3,1,"other","other","reputation","no","yes","father",2,4,0,"no","yes","no","no","yes","no",4,4,2,2,3,3,12,16,16,16,"father",2,4,0,"no","yes","no","no","yes","no",4,4,2,2,3,3,6,15,15,15
"10","GP","F",15,"U","GT3","A",3,3,"other","health","reputation","yes","no","father",1,4,0,"yes","no","no","no","yes","no",4,3,3,1,1,4,10,10,11,11,"father",1,4,0,"yes","no","no","no","yes","no",4,3,3,1,1,4,10,10,10,10
"11","GP","F",15,"U","GT3","A",4,3,"services","services","reputation","yes","yes","mother",1,2,0,"no","yes","yes","yes","yes","no",4,3,2,1,1,1,0,14,15,15,"mother",1,2,0,"no","yes","no","yes","yes","no",4,3,2,1,1,1,0,15,14,15
"12","GP","F",15,"U","GT3","T",1,1,"at_home","other","course","no","yes","mother",3,1,0,"no","yes","no","yes","yes","yes",4,3,3,1,2,4,0,8,0,0,"mother",3,1,0,"no","yes","no","yes","yes","yes",4,3,3,1,2,4,6,11,12,13
"13","GP","F",15,"U","GT3","T",1,1,"other","other","home","no","yes","father",1,2,0,"no","yes","no","yes","yes","no",4,3,2,2,3,4,2,9,10,10,"father",1,2,0,"no","yes","no","yes","yes","no",4,3,2,2,3,4,2,13,12,12
"14","GP","F",15,"U","GT3","T",1,1,"other","services","course","yes","yes","father",1,2,0,"no","yes","yes","no","yes","no",4,4,2,1,2,5,0,8,11,11,"father",1,2,0,"no","yes","no","no","yes","no",4,4,2,1,2,5,0,12,12,12
"15","GP","F",15,"U","GT3","T",1,2,"at_home","other","course","no","yes","mother",1,2,0,"no","yes","yes","no","yes","no",4,3,2,1,1,5,2,10,11,11,"mother",1,2,0,"no","yes","no","no","yes","no",4,3,2,1,1,5,6,13,12,13
"16","GP","F",15,"U","GT3","T",1,2,"at_home","services","course","no","yes","mother",1,2,0,"no","no","no","no","yes","no",3,2,3,1,2,1,2,16,15,15,"mother",1,2,0,"no","no","no","no","yes","no",3,2,3,1,2,1,0,14,14,14
"17","GP","F",15,"U","GT3","T",2,1,"services","other","reputation","yes","yes","father",3,3,0,"no","yes","no","yes","yes","no",5,2,2,1,1,4,4,10,12,12,"father",3,3,0,"no","yes","no","yes","yes","no",5,2,2,1,1,4,0,10,12,13
"18","GP","F",15,"U","GT3","T",2,2,"other","other","course","yes","yes","mother",1,4,0,"yes","yes","yes","no","yes","no",5,1,2,1,1,3,8,7,8,8,"mother",1,4,0,"yes","yes","no","no","yes","no",5,1,2,1,1,3,4,10,10,10
"19","GP","F",15,"U","GT3","T",2,3,"other","other","other","yes","no","father",2,1,0,"no","yes","no","yes","yes","no",3,5,1,1,1,5,0,8,7,6,"father",2,1,0,"no","yes","no","yes","yes","no",3,5,1,1,1,5,4,11,11,11
"20","GP","F",15,"U","GT3","T",3,2,"health","services","home","yes","yes","father",1,2,3,"no","yes","no","no","yes","no",3,3,2,1,1,3,0,6,7,0,"father",1,2,1,"no","yes","no","no","yes","no",3,3,2,1,1,3,2,11,11,11
"21","GP","F",15,"U","GT3","T",3,2,"services","other","home","yes","yes","mother",2,2,0,"yes","yes","yes","no","yes","no",4,3,5,1,1,2,26,7,6,6,"mother",2,2,0,"yes","yes","no","no","yes","no",4,3,5,1,1,2,16,11,10,10
"22","GP","F",15,"U","GT3","T",4,2,"health","services","home","yes","yes","mother",1,3,0,"no","yes","yes","yes","yes","yes",3,2,2,1,1,5,2,15,14,15,"mother",1,3,0,"no","yes","no","yes","yes","yes",3,2,2,1,1,5,0,14,14,14
"23","GP","F",15,"U","GT3","T",4,2,"other","other","reputation","yes","yes","mother",1,3,0,"no","yes","no","yes","yes","no",5,3,3,1,3,1,4,13,14,14,"mother",1,3,0,"no","yes","no","yes","yes","no",5,3,3,1,3,1,4,15,15,15
"24","GP","F",15,"U","GT3","T",4,3,"services","other","reputation","yes","yes","mother",1,1,0,"no","no","yes","yes","yes","no",4,5,5,1,3,1,4,16,17,18,"mother",1,1,0,"no","no","no","yes","yes","no",4,5,5,1,3,1,6,14,13,13
"25","GP","F",15,"U","GT3","T",4,4,"services","at_home","course","yes","yes","mother",1,3,0,"no","yes","no","yes","yes","yes",4,3,3,1,1,5,0,11,0,0,"mother",1,3,0,"no","yes","no","yes","yes","yes",4,3,3,1,1,5,4,13,14,15
"26","GP","F",15,"U","GT3","T",4,4,"services","services","course","yes","yes","mother",1,1,0,"yes","yes","yes","no","yes","no",3,3,4,2,3,5,0,8,10,11,"mother",1,1,0,"yes","yes","no","no","yes","no",3,3,4,2,3,5,0,13,12,12
"27","GP","F",15,"U","GT3","T",4,4,"services","services","reputation","yes","yes","father",2,2,2,"no","no","yes","no","yes","yes",4,4,4,2,3,5,6,7,9,8,"father",2,2,0,"no","no","no","no","yes","yes",4,4,4,2,3,5,4,12,11,12
"28","GP","F",15,"U","GT3","T",4,4,"services","teacher","other","no","yes","father",1,2,1,"yes","yes","no","yes","yes","no",4,4,4,1,1,3,2,7,7,7,"father",1,2,0,"yes","yes","no","yes","yes","no",4,4,4,1,1,3,2,13,12,12
"29","GP","F",15,"U","GT3","T",4,4,"teacher","health","reputation","yes","yes","mother",1,2,0,"no","yes","yes","no","yes","no",3,3,3,1,2,2,0,10,8,9,"mother",1,2,0,"no","yes","no","no","yes","no",3,3,3,1,2,2,2,14,14,14
"30","GP","F",15,"U","GT3","T",4,4,"teacher","services","course","yes","yes","mother",1,3,0,"no","yes","yes","yes","yes","no",4,2,2,1,1,5,2,9,11,11,"mother",1,3,0,"no","yes","no","yes","yes","no",4,2,2,1,1,5,2,13,13,13
"31","GP","F",15,"U","GT3","T",4,4,"teacher","teacher","course","yes","yes","mother",2,1,0,"no","no","no","yes","yes","no",4,3,2,1,1,5,0,16,16,15,"mother",2,1,0,"no","no","no","yes","yes","no",4,3,2,1,1,5,6,13,14,14
"32","GP","F",15,"U","LE3","A",3,3,"other","other","other","yes","yes","mother",1,1,0,"no","no","yes","no","yes","no",5,3,4,4,4,1,6,10,13,13,"mother",1,1,0,"no","no","no","no","yes","no",5,3,4,4,4,1,0,13,12,13
"33","GP","F",15,"U","LE3","A",3,4,"other","other","home","yes","yes","mother",1,2,0,"yes","no","no","yes","yes","yes",5,3,2,1,1,1,0,7,10,11,"mother",1,2,0,"yes","no","no","yes","yes","yes",5,3,2,1,1,1,0,10,11,11
"34","GP","F",15,"U","LE3","A",4,3,"other","other","course","yes","yes","mother",1,2,0,"yes","yes","yes","yes","yes","yes",5,2,2,1,1,5,8,8,8,6,"mother",1,2,0,"yes","yes","yes","yes","yes","yes",5,2,2,1,1,5,4,10,11,11
"35","GP","F",15,"U","LE3","T",1,1,"at_home","other","other","yes","yes","mother",1,2,3,"yes","no","yes","no","yes","no",4,3,2,2,3,3,10,7,8,10,"mother",1,2,0,"yes","no","no","no","yes","no",4,3,2,2,3,3,6,12,13,12
"36","GP","F",15,"U","LE3","T",3,2,"services","other","reputation","yes","yes","mother",1,2,0,"no","yes","yes","no","yes","no",4,4,4,1,1,5,10,7,6,6,"mother",1,2,0,"no","yes","no","no","yes","no",4,4,4,1,1,5,4,12,11,11
"37","GP","F",15,"U","LE3","T",4,2,"health","other","other","yes","yes","mother",1,2,0,"no","yes","yes","no","yes","no",4,3,3,1,1,5,2,11,13,13,"mother",1,2,0,"no","yes","no","no","yes","no",4,3,3,1,1,5,0,16,14,16
"38","GP","F",15,"U","LE3","T",4,3,"services","services","reputation","yes","yes","father",1,2,0,"yes","no","no","yes","yes","yes",4,4,4,2,4,2,0,10,10,10,"father",1,2,0,"yes","no","no","yes","yes","yes",4,4,4,2,4,2,0,13,12,12
"39","GP","F",16,"R","GT3","T",2,2,"services","services","reputation","no","yes","mother",2,4,0,"no","yes","yes","yes","yes","no",5,3,5,1,1,5,6,10,10,11,"mother",2,4,0,"no","yes","no","yes","yes","no",5,3,5,1,1,5,6,13,13,13
"40","GP","F",16,"R","GT3","T",3,3,"services","other","reputation","yes","yes","father",1,3,1,"yes","yes","no","yes","yes","no",4,1,2,1,1,2,0,7,10,10,"father",1,3,0,"yes","yes","no","yes","yes","no",4,1,2,1,1,2,4,11,11,11
"41","GP","F",16,"R","GT3","T",4,4,"health","teacher","other","yes","no","mother",1,2,0,"no","yes","no","yes","yes","no",2,4,4,2,3,4,6,10,11,11,"mother",1,2,0,"no","yes","no","yes","yes","no",2,4,4,2,3,4,0,17,16,16
"42","GP","F",16,"U","GT3","A",2,1,"other","other","other","yes","yes","mother",1,2,0,"no","no","yes","yes","yes","yes",5,3,4,1,1,2,8,8,9,10,"mother",1,2,0,"no","no","no","yes","yes","yes",5,3,4,1,1,2,2,12,13,12
"43","GP","F",16,"U","GT3","A",2,2,"other","other","reputation","yes","yes","mother",1,2,0,"yes","yes","yes","no","yes","no",3,3,4,1,1,4,0,12,13,14,"mother",1,2,0,"yes","yes","no","no","yes","no",3,3,4,1,1,4,0,13,13,13
"44","GP","F",16,"U","GT3","A",3,1,"services","other","course","yes","yes","mother",1,2,3,"no","yes","yes","no","yes","no",2,3,3,2,2,4,5,7,7,7,"mother",1,2,0,"no","yes","no","no","yes","no",2,3,3,2,2,4,2,11,11,12
"45","GP","F",16,"U","GT3","A",3,3,"other","other","course","no","yes","other",2,1,2,"no","yes","no","yes","yes","yes",4,3,2,1,1,5,0,4,0,0,"other",2,1,0,"no","yes","no","yes","yes","yes",4,3,2,1,1,5,4,9,9,10
"46","GP","F",16,"U","GT3","A",3,4,"services","other","course","yes","yes","father",1,1,0,"no","no","no","no","yes","no",3,2,1,1,4,5,16,12,11,11,"father",1,1,0,"no","no","no","no","yes","no",3,2,1,1,4,5,12,15,13,14
"47","GP","F",16,"U","GT3","T",1,1,"at_home","other","home","yes","no","mother",2,1,0,"no","yes","yes","no","yes","no",4,3,2,1,4,5,6,9,9,10,"mother",2,1,0,"no","yes","no","no","yes","no",4,3,2,1,4,5,2,12,13,13
"48","GP","F",16,"U","GT3","T",1,1,"services","services","course","no","yes","father",4,1,0,"yes","yes","no","yes","yes","yes",5,5,5,5,5,5,6,10,8,11,"father",4,1,0,"yes","yes","no","yes","yes","yes",5,5,5,5,5,5,0,10,10,16
"49","GP","F",16,"U","GT3","T",1,3,"at_home","services","home","no","yes","mother",1,2,3,"no","no","no","yes","yes","yes",4,3,5,1,1,3,0,8,7,0,"mother",1,2,0,"no","no","no","yes","yes","yes",4,3,5,1,1,3,0,14,13,13
"50","GP","F",16,"U","GT3","T",2,1,"other","other","course","yes","no","mother",1,2,0,"no","yes","yes","no","yes","yes",4,3,5,1,1,5,2,8,9,10,"mother",1,2,0,"no","yes","no","no","yes","yes",4,3,5,1,1,5,0,13,12,12
"51","GP","F",16,"U","GT3","T",2,1,"other","other","home","yes","yes","mother",1,1,0,"no","no","no","no","yes","yes",4,5,2,1,1,5,20,13,12,12,"mother",1,1,0,"no","no","no","no","yes","yes",4,5,2,1,1,5,4,9,10,10
"52","GP","F",16,"U","GT3","T",2,2,"at_home","other","home","yes","yes","mother",1,2,1,"yes","no","no","yes","yes","no",3,1,2,1,1,5,6,10,13,13,"mother",1,2,1,"yes","no","no","yes","yes","no",3,1,2,1,1,5,12,8,10,10
"53","GP","F",16,"U","GT3","T",2,2,"other","other","home","no","yes","mother",1,2,0,"no","yes","yes","no","yes","no",5,1,5,1,1,4,0,6,7,0,"mother",1,2,0,"no","yes","no","no","yes","no",5,1,5,1,1,4,0,12,12,13
"54","GP","F",16,"U","GT3","T",2,2,"other","other","home","yes","yes","mother",1,2,0,"no","no","yes","no","yes","yes",5,4,4,1,1,5,0,8,7,8,"mother",1,2,0,"no","no","no","no","yes","yes",5,4,4,1,1,5,0,12,11,11
"55","GP","F",16,"U","GT3","T",2,2,"other","other","reputation","yes","yes","mother",1,4,0,"no","no","yes","no","yes","yes",5,2,3,1,3,3,0,11,11,11,"mother",1,4,0,"no","no","no","no","yes","yes",5,2,3,1,3,3,1,13,13,13
"56","GP","F",16,"U","GT3","T",2,2,"services","other","reputation","no","yes","mother",2,2,0,"no","no","yes","yes","yes","no",3,4,4,1,4,5,2,13,13,11,"mother",2,2,0,"no","no","no","yes","yes","no",3,4,4,1,4,5,0,13,12,14
"57","GP","F",16,"U","GT3","T",2,2,"services","services","home","no","yes","mother",1,1,2,"no","yes","yes","no","yes","no",1,2,2,1,3,5,14,6,9,8,"mother",1,1,0,"no","yes","no","no","yes","no",1,2,2,1,3,5,6,10,11,12
"58","GP","F",16,"U","GT3","T",2,3,"other","other","reputation","yes","no","mother",1,2,0,"yes","yes","yes","yes","yes","no",4,4,3,1,3,4,6,8,10,10,"mother",1,2,0,"yes","yes","no","yes","yes","no",4,4,3,1,3,4,4,11,12,12
"59","GP","F",16,"U","GT3","T",2,3,"services","services","course","yes","yes","mother",1,2,0,"no","no","no","no","yes","no",4,3,3,1,1,2,10,11,12,13,"mother",1,2,0,"no","no","no","no","yes","no",4,3,3,1,1,2,6,12,12,13
"60","GP","F",16,"U","GT3","T",2,3,"services","teacher","other","yes","yes","mother",1,2,0,"yes","no","no","no","yes","no",2,3,1,1,1,3,2,16,16,17,"mother",1,2,0,"yes","no","no","no","yes","no",2,3,1,1,1,3,0,13,13,14
"61","GP","F",16,"U","GT3","T",3,1,"services","other","course","yes","yes","mother",1,4,0,"yes","yes","yes","no","yes","no",4,3,3,1,2,5,4,7,7,6,"mother",1,4,0,"yes","yes","no","no","yes","no",4,3,3,1,2,5,0,10,9,10
"62","GP","F",16,"U","GT3","T",3,2,"other","other","reputation","yes","yes","mother",1,2,0,"no","yes","yes","no","yes","no",1,2,2,1,2,1,14,12,13,12,"mother",1,2,0,"no","yes","no","no","yes","no",1,2,2,1,2,1,8,14,15,16
"63","GP","F",16,"U","GT3","T",3,3,"other","other","home","yes","no","father",1,2,0,"no","yes","yes","no","yes","no",4,3,2,1,2,5,4,6,10,10,"father",1,2,0,"no","yes","no","no","yes","no",4,3,2,1,2,5,0,11,13,13
"64","GP","F",16,"U","GT3","T",3,3,"other","other","home","yes","yes","mother",1,3,0,"no","yes","yes","no","yes","yes",4,3,3,1,3,4,0,7,7,8,"mother",1,3,0,"no","yes","no","no","yes","yes",4,3,3,1,3,4,2,9,11,11
"65","GP","F",16,"U","GT3","T",3,3,"other","other","reputation","yes","no","mother",3,2,0,"yes","yes","no","yes","yes","no",5,3,2,1,1,4,4,8,10,10,"mother",3,2,0,"yes","yes","no","yes","yes","no",5,3,2,1,1,4,2,13,14,14
"66","GP","F",16,"U","GT3","T",3,3,"other","services","home","yes","yes","mother",1,2,0,"yes","yes","yes","yes","yes","no",4,3,3,2,4,5,54,11,12,11,"mother",1,2,0,"yes","yes","no","yes","yes","no",4,3,3,2,4,5,4,11,11,11
"67","GP","F",16,"U","GT3","T",3,4,"at_home","other","course","yes","yes","mother",1,2,0,"no","yes","no","no","yes","no",2,4,3,1,2,3,12,5,5,5,"mother",1,2,0,"no","yes","no","no","yes","no",2,4,3,1,2,3,14,12,11,11
"68","GP","F",16,"U","GT3","T",4,2,"health","services","home","yes","yes","father",1,2,0,"no","no","yes","no","yes","yes",4,2,3,1,1,3,0,14,15,16,"father",1,2,0,"no","no","no","no","yes","yes",4,2,3,1,1,3,0,17,17,18
"69","GP","F",16,"U","GT3","T",4,2,"services","other","course","yes","yes","mother",1,2,0,"no","yes","no","no","yes","no",4,2,3,1,1,5,2,15,16,16,"mother",1,2,0,"no","yes","yes","no","yes","no",4,2,3,1,1,5,2,16,15,16
"70","GP","F",16,"U","GT3","T",4,2,"teacher","services","home","yes","yes","mother",2,2,0,"no","yes","yes","yes","yes","no",5,3,3,1,1,1,0,11,10,10,"mother",2,2,0,"no","yes","no","yes","yes","no",5,3,3,1,1,1,2,13,14,14
"71","GP","F",16,"U","GT3","T",4,3,"health","other","home","yes","yes","mother",1,2,0,"no","yes","no","yes","yes","no",4,3,5,1,5,2,2,16,16,16,"mother",1,2,0,"no","yes","no","yes","yes","no",4,3,5,1,5,2,2,14,14,15
"72","GP","F",16,"U","GT3","T",4,3,"other","at_home","course","yes","yes","mother",1,3,0,"yes","yes","yes","no","yes","no",5,3,5,1,1,3,0,7,9,8,"mother",1,3,0,"yes","yes","no","no","yes","no",5,3,5,1,1,3,2,12,13,13
"73","GP","F",16,"U","GT3","T",4,3,"teacher","health","home","yes","yes","mother",1,3,0,"yes","yes","yes","yes","yes","no",3,4,4,2,4,4,2,10,9,9,"mother",1,3,0,"yes","yes","no","yes","yes","no",3,4,4,2,4,4,0,14,13,13
"74","GP","F",16,"U","GT3","T",4,3,"teacher","other","other","yes","yes","mother",1,2,0,"no","no","yes","yes","yes","yes",1,3,2,1,1,1,10,11,12,13,"mother",1,2,0,"no","no","no","yes","yes","yes",1,3,2,1,1,1,4,14,15,15
"75","GP","F",16,"U","GT3","T",4,4,"health","health","reputation","yes","yes","mother",1,2,0,"no","yes","yes","no","yes","yes",4,4,2,1,1,3,0,14,14,14,"mother",1,2,0,"no","yes","no","no","yes","yes",4,4,2,1,1,3,0,16,16,17
"76","GP","F",16,"U","GT3","T",4,4,"health","other","home","yes","yes","mother",1,1,0,"no","yes","no","no","yes","no",4,4,4,1,2,2,4,14,14,14,"mother",1,1,0,"no","yes","no","no","yes","no",4,4,4,1,2,2,6,17,17,17
"77","GP","F",16,"U","GT3","T",4,4,"other","other","reputation","no","yes","mother",1,1,0,"no","no","no","yes","yes","no",5,3,4,1,2,1,6,11,14,14,"mother",1,1,0,"no","no","no","yes","yes","no",5,3,4,1,2,1,4,12,13,13
"78","GP","F",16,"U","GT3","T",4,4,"services","services","reputation","yes","yes","mother",1,3,0,"no","yes","yes","yes","yes","no",3,2,3,1,2,2,6,13,14,14,"mother",1,3,0,"no","yes","no","yes","yes","no",3,2,3,1,2,2,10,13,13,14
"79","GP","F",16,"U","GT3","T",4,4,"teacher","services","home","no","yes","mother",1,3,0,"no","yes","no","yes","yes","no",5,3,2,1,1,5,0,13,13,14,"mother",1,3,0,"no","yes","no","yes","yes","no",5,3,2,1,1,5,4,15,16,16
"80","GP","F",16,"U","LE3","A",3,3,"other","services","home","yes","yes","mother",1,2,0,"no","yes","no","no","yes","no",2,3,5,1,4,3,12,11,12,11,"mother",1,2,0,"no","yes","no","no","yes","no",2,3,5,1,4,3,6,13,12,13
"81","GP","F",16,"U","LE3","T",1,1,"at_home","at_home","course","yes","yes","mother",1,1,0,"no","no","no","no","yes","no",3,4,4,3,3,1,2,14,14,13,"mother",1,1,0,"no","no","no","no","yes","no",3,4,4,3,3,1,4,10,11,11
"82","GP","F",16,"U","LE3","T",1,2,"other","services","reputation","yes","yes","father",1,2,0,"yes","no","no","yes","yes","no",4,4,3,1,1,1,4,8,10,9,"father",1,2,0,"yes","no","no","yes","yes","no",4,4,3,1,1,1,0,13,13,10
"83","GP","F",16,"U","LE3","T",2,2,"at_home","other","course","yes","no","mother",1,2,0,"no","yes","no","no","yes","no",4,3,4,1,2,2,4,8,7,6,"mother",1,2,0,"no","yes","no","no","yes","no",4,3,4,1,2,2,6,13,11,11
"84","GP","F",16,"U","LE3","T",2,2,"other","at_home","course","yes","yes","father",2,2,1,"yes","no","no","yes","yes","no",4,3,3,2,2,5,14,10,10,9,"father",2,2,1,"yes","no","no","yes","yes","no",4,3,3,2,2,5,14,10,11,11
"85","GP","F",16,"U","LE3","T",2,2,"other","other","home","no","yes","mother",2,2,1,"no","yes","no","yes","yes","yes",3,3,3,1,2,3,25,7,10,11,"mother",2,2,0,"no","yes","no","yes","yes","yes",3,3,3,1,2,3,16,11,11,10
"86","GP","F",16,"U","LE3","T",2,2,"services","services","course","yes","yes","mother",3,2,0,"no","yes","yes","no","yes","no",4,3,3,2,3,4,2,12,13,13,"mother",3,2,0,"no","yes","no","no","yes","no",4,3,3,2,3,4,0,14,13,13
"87","GP","F",16,"U","LE3","T",2,4,"other","health","course","yes","yes","father",2,2,0,"no","yes","yes","yes","yes","yes",4,2,2,1,2,5,2,13,13,13,"father",2,2,0,"no","yes","no","yes","yes","yes",4,2,2,1,2,5,2,14,12,13
"88","GP","F",16,"U","LE3","T",3,1,"other","other","home","yes","no","father",1,2,0,"yes","yes","no","no","yes","no",3,3,3,2,3,2,4,7,6,6,"father",1,2,0,"yes","yes","no","no","yes","no",3,3,3,2,3,2,0,12,13,12
"89","GP","F",16,"U","LE3","T",3,3,"other","other","reputation","yes","yes","mother",2,2,0,"no","yes","yes","yes","yes","no",4,4,5,1,1,4,4,10,11,9,"mother",2,2,0,"no","yes","no","yes","yes","no",4,4,5,1,1,4,0,14,14,15
"90","GP","F",16,"U","LE3","T",4,3,"teacher","services","course","yes","yes","mother",3,2,0,"no","yes","no","yes","yes","no",5,4,3,1,2,1,2,16,15,15,"mother",3,2,0,"no","yes","no","yes","yes","no",5,4,3,1,2,1,2,16,15,16
"91","GP","F",16,"U","LE3","T",4,4,"health","health","other","yes","yes","mother",1,3,0,"no","yes","yes","yes","yes","yes",5,4,5,1,1,4,4,14,15,16,"mother",1,3,0,"no","yes","no","yes","yes","yes",5,4,5,1,1,4,2,15,15,14
"92","GP","F",16,"U","LE3","T",4,4,"teacher","teacher","reputation","yes","yes","mother",1,2,0,"no","yes","yes","no","yes","no",4,5,2,1,2,3,0,9,9,10,"mother",1,2,0,"no","yes","no","no","yes","no",4,5,2,1,2,3,0,11,10,11
"93","GP","F",17,"R","GT3","A",3,2,"other","other","home","yes","yes","mother",1,2,0,"no","yes","yes","no","yes","no",4,3,3,2,3,2,4,9,10,10,"mother",1,2,0,"no","yes","no","no","yes","no",4,3,3,2,3,2,0,14,14,16
"94","GP","F",17,"R","GT3","T",2,1,"at_home","services","course","yes","no","mother",3,2,0,"no","no","no","yes","yes","no",2,1,1,1,1,3,2,13,11,11,"mother",3,2,0,"no","no","no","yes","yes","no",2,1,1,1,1,3,2,13,13,13
"95","GP","F",17,"R","GT3","T",2,1,"at_home","services","reputation","yes","yes","mother",2,2,0,"no","yes","no","yes","yes","no",4,2,5,1,2,5,2,6,6,6,"mother",2,2,0,"no","yes","no","yes","yes","no",4,2,5,1,2,5,0,11,10,11
"96","GP","F",17,"R","GT3","T",2,2,"other","other","reputation","yes","yes","mother",1,1,0,"no","yes","no","no","yes","no",5,3,2,1,2,3,18,7,6,6,"mother",1,1,0,"no","yes","no","no","yes","no",5,3,2,1,2,3,21,13,13,13
"97","GP","F",17,"R","GT3","T",2,4,"at_home","other","course","yes","yes","father",1,3,0,"no","yes","no","no","yes","yes",4,4,3,1,1,5,7,12,14,14,"father",1,3,0,"no","yes","no","no","yes","yes",4,4,3,1,1,5,0,15,15,15
"98","GP","F",17,"R","GT3","T",3,4,"at_home","services","course","no","yes","father",1,3,0,"no","yes","yes","yes","yes","no",4,3,4,2,5,5,0,11,11,10,"father",1,3,0,"no","yes","no","yes","yes","no",4,3,4,2,5,5,2,15,15,17
"99","GP","F",17,"R","GT3","T",4,3,"teacher","other","reputation","yes","yes","mother",2,3,0,"no","yes","yes","yes","yes","yes",4,4,2,1,1,4,6,7,7,7,"mother",2,3,0,"no","yes","no","yes","yes","yes",4,4,2,1,1,4,0,11,12,12
"100","GP","F",17,"R","LE3","T",2,2,"services","services","course","yes","yes","mother",1,3,0,"no","yes","yes","yes","yes","no",3,3,2,2,2,3,3,11,11,11,"mother",1,3,0,"no","yes","no","yes","yes","no",3,3,2,2,2,3,0,11,11,10
"101","GP","F",17,"R","LE3","T",3,1,"services","other","reputation","yes","no","mother",2,4,0,"no","yes","yes","no","yes","no",3,1,2,1,1,3,6,18,18,18,"mother",2,4,0,"no","yes","no","no","yes","no",3,1,2,1,1,3,0,18,19,19
"102","GP","F",17,"R","LE3","T",4,4,"services","other","other","yes","no","mother",1,1,0,"no","yes","yes","no","yes","no",5,2,1,1,2,3,12,8,10,10,"mother",1,1,0,"no","yes","no","no","yes","no",5,2,1,1,2,3,6,12,11,11
"103","GP","F",17,"U","GT3","A",2,1,"other","other","course","yes","yes","mother",2,3,0,"no","no","no","yes","yes","yes",3,2,3,1,2,3,10,12,10,12,"mother",2,3,0,"no","no","no","yes","yes","yes",3,2,3,1,2,3,0,15,15,16
"104","GP","F",17,"U","GT3","A",2,2,"at_home","at_home","home","yes","yes","father",1,2,1,"no","yes","no","no","yes","yes",3,3,1,1,2,4,0,9,8,0,"father",1,2,0,"no","yes","no","no","yes","yes",3,3,1,1,2,4,18,10,12,14
"105","GP","F",17,"U","GT3","A",3,3,"health","other","reputation","no","yes","mother",1,2,0,"no","yes","no","no","yes","yes",3,3,3,1,3,3,6,8,7,9,"mother",1,2,0,"no","yes","no","no","yes","yes",3,3,3,1,3,3,10,12,13,14
"106","GP","F",17,"U","GT3","A",4,3,"services","services","course","yes","yes","mother",1,2,0,"no","yes","yes","no","yes","yes",5,2,2,1,2,5,23,13,13,13,"mother",1,2,0,"no","yes","no","no","yes","yes",5,2,2,1,2,5,14,15,14,17
"107","GP","F",17,"U","GT3","A",4,4,"other","teacher","home","yes","no","mother",2,2,0,"yes","yes","no","no","yes","no",4,1,4,1,1,1,6,6,5,6,"mother",2,2,0,"yes","yes","no","no","yes","no",4,1,4,1,1,1,2,10,13,13
"108","GP","F",17,"U","GT3","T",1,1,"at_home","other","course","no","yes","father",1,2,0,"no","yes","no","no","yes","no",5,3,3,1,1,3,4,5,5,6,"father",1,2,0,"no","yes","no","no","yes","no",5,3,3,1,1,3,2,9,11,11
"109","GP","F",17,"U","GT3","T",1,1,"at_home","other","reputation","yes","no","mother",1,3,1,"no","yes","no","yes","yes","yes",4,3,4,1,1,5,0,6,5,0,"mother",1,3,0,"no","yes","no","yes","yes","yes",4,3,4,1,1,5,12,12,12,12
"110","GP","F",17,"U","GT3","T",1,1,"at_home","services","course","yes","yes","mother",1,2,0,"no","no","no","yes","yes","no",5,3,3,1,1,3,0,8,8,9,"mother",1,2,0,"no","no","no","yes","yes","no",5,3,3,1,1,3,0,12,11,12
"111","GP","F",17,"U","GT3","T",1,1,"other","other","course","no","no","mother",1,2,0,"no","yes","yes","no","yes","no",4,4,4,1,3,1,4,9,9,10,"mother",1,2,0,"no","yes","no","no","yes","no",4,4,4,1,3,1,0,14,15,15
"112","GP","F",17,"U","GT3","T",1,1,"services","teacher","reputation","yes","yes","mother",1,3,0,"no","yes","yes","no","yes","no",4,3,3,1,1,3,6,13,12,12,"mother",1,3,0,"no","yes","no","no","yes","no",4,3,3,1,1,3,0,13,13,14
"113","GP","F",17,"U","GT3","T",2,2,"at_home","at_home","course","yes","yes","mother",1,3,0,"no","yes","yes","yes","yes","no",4,3,3,1,1,4,4,9,10,10,"mother",1,3,0,"no","yes","no","yes","yes","no",4,3,3,1,1,4,0,12,12,13
"114","GP","F",17,"U","GT3","T",2,2,"other","other","course","no","yes","mother",1,2,0,"no","yes","no","no","yes","no",5,4,5,1,2,5,4,10,9,11,"mother",1,2,0,"no","yes","no","no","yes","no",5,4,5,1,2,5,12,12,12,14
"115","GP","F",17,"U","GT3","T",2,2,"other","other","course","yes","no","mother",1,2,0,"no","yes","no","no","yes","yes",4,2,2,1,1,3,12,11,9,9,"mother",1,2,0,"no","yes","no","no","yes","yes",4,2,2,1,1,3,4,14,13,13
"116","GP","F",17,"U","GT3","T",2,3,"at_home","other","home","yes","no","father",2,1,0,"no","yes","yes","no","yes","no",3,3,3,1,4,3,3,7,7,8,"father",2,1,0,"no","yes","no","no","yes","no",3,3,3,1,4,3,4,12,13,13
"117","GP","F",17,"U","GT3","T",2,4,"at_home","health","reputation","yes","yes","mother",2,2,0,"no","yes","yes","no","yes","yes",4,3,3,1,1,1,2,10,10,10,"mother",2,2,0,"no","yes","no","no","yes","yes",4,3,3,1,1,1,6,15,16,16
"118","GP","F",17,"U","GT3","T",2,4,"services","services","reputation","yes","no","father",1,2,0,"no","yes","no","yes","yes","no",5,4,2,2,3,5,0,16,17,17,"father",1,2,0,"no","yes","no","yes","yes","no",5,4,2,2,3,5,0,17,18,17
"119","GP","F",17,"U","GT3","T",3,1,"services","services","course","no","yes","father",1,3,0,"no","yes","no","no","yes","no",3,4,3,2,3,5,1,12,14,15,"father",1,3,0,"no","yes","no","no","yes","no",3,4,3,2,3,5,0,17,18,17
"120","GP","F",17,"U","GT3","T",3,2,"health","health","reputation","no","yes","father",1,4,0,"no","yes","yes","yes","yes","no",5,2,2,1,2,5,0,17,17,18,"father",1,4,0,"no","yes","no","yes","yes","no",5,2,2,1,2,5,0,18,18,18
"121","GP","F",17,"U","GT3","T",3,2,"other","other","course","no","yes","mother",1,2,0,"no","no","no","yes","yes","no",5,3,4,1,3,3,10,16,15,15,"mother",1,2,0,"no","no","no","yes","yes","no",5,3,4,1,3,3,2,17,18,17
"122","GP","F",17,"U","GT3","T",3,2,"other","other","home","yes","yes","mother",1,2,0,"no","yes","yes","no","yes","yes",4,3,2,2,3,2,0,7,8,0,"mother",1,2,0,"no","yes","no","no","yes","yes",4,3,2,2,3,2,0,12,13,15
"123","GP","F",17,"U","GT3","T",3,3,"other","other","home","no","no","mother",1,3,0,"no","no","no","yes","yes","no",3,2,3,1,1,4,4,10,9,9,"mother",1,3,0,"no","no","no","yes","yes","no",3,2,3,1,1,4,2,15,12,13
"124","GP","F",17,"U","GT3","T",3,4,"at_home","services","home","yes","yes","mother",1,3,1,"no","yes","yes","no","yes","yes",4,4,3,3,4,5,28,10,9,9,"mother",1,3,1,"no","yes","yes","no","yes","yes",4,4,3,3,4,5,14,8,9,8
"125","GP","F",17,"U","GT3","T",3,4,"services","other","course","yes","yes","mother",1,3,0,"no","no","no","no","yes","no",4,4,5,1,3,5,16,16,15,15,"mother",1,3,0,"no","no","no","no","yes","no",4,4,5,1,3,5,8,11,13,14
"126","GP","F",17,"U","GT3","T",4,2,"other","other","reputation","yes","yes","mother",2,3,0,"no","yes","yes","no","yes","no",4,3,3,1,1,3,0,15,12,14,"mother",2,3,0,"no","yes","no","no","yes","no",4,3,3,1,1,3,0,16,16,16
"127","GP","F",17,"U","GT3","T",4,3,"health","other","reputation","yes","yes","mother",1,3,0,"no","yes","yes","yes","yes","yes",4,4,3,1,3,4,0,13,15,15,"mother",1,3,0,"no","yes","no","yes","yes","yes",4,4,3,1,3,4,0,11,12,13
"128","GP","F",17,"U","GT3","T",4,3,"health","services","reputation","yes","yes","mother",1,3,0,"no","yes","yes","no","yes","no",4,2,2,1,2,3,0,15,15,15,"mother",1,3,0,"no","yes","no","no","yes","no",4,2,2,1,2,3,0,17,18,18
"129","GP","F",17,"U","GT3","T",4,3,"other","other","reputation","yes","yes","mother",1,2,2,"no","no","yes","no","yes","yes",3,4,5,2,4,1,22,6,6,4,"mother",1,2,0,"no","no","no","no","yes","yes",3,4,5,2,4,1,16,11,9,10
"130","GP","F",17,"U","GT3","T",4,4,"other","teacher","course","yes","no","mother",1,1,0,"yes","yes","no","no","yes","yes",4,2,1,1,1,4,0,11,11,12,"mother",1,1,0,"yes","yes","no","no","yes","yes",4,2,1,1,1,4,0,13,13,13
"131","GP","F",17,"U","GT3","T",4,4,"services","teacher","home","yes","yes","mother",2,1,1,"no","yes","no","no","yes","no",4,2,4,2,3,2,24,18,18,18,"mother",2,1,1,"no","yes","no","no","yes","no",4,2,4,2,3,2,30,14,15,16
"132","GP","F",17,"U","GT3","T",4,4,"teacher","services","course","yes","yes","mother",1,3,0,"no","yes","yes","yes","yes","no",5,4,4,1,3,4,7,10,9,9,"mother",1,2,0,"no","yes","yes","no","yes","yes",5,3,1,1,4,5,2,11,11,12
"133","GP","F",17,"U","GT3","T",4,4,"teacher","services","course","yes","yes","mother",1,3,0,"no","yes","yes","yes","yes","no",5,4,4,1,3,4,7,10,9,9,"mother",1,3,0,"no","yes","no","yes","yes","no",5,4,4,1,3,4,0,13,12,13
"134","GP","F",17,"U","GT3","T",4,4,"teacher","teacher","course","no","yes","mother",2,3,0,"no","yes","yes","no","yes","yes",4,3,3,1,2,4,4,14,14,14,"mother",2,3,0,"no","yes","no","no","yes","yes",4,3,3,1,2,4,4,15,14,15
"135","GP","F",17,"U","LE3","T",0,2,"at_home","at_home","home","yes","yes","father",2,3,0,"no","no","no","no","yes","no",3,3,3,2,3,2,0,16,15,15,"father",2,3,0,"no","no","no","no","yes","no",3,3,3,2,3,2,0,14,14,15
"136","GP","F",17,"U","LE3","T",2,2,"other","other","course","yes","yes","father",1,1,0,"no","yes","no","no","yes","yes",3,4,4,1,3,5,12,10,13,12,"father",1,1,0,"no","yes","no","no","yes","yes",3,4,4,1,3,5,2,13,12,12
"137","GP","F",17,"U","LE3","T",2,2,"services","other","course","yes","yes","mother",2,2,0,"yes","yes","yes","no","yes","yes",4,4,4,2,3,5,6,12,12,12,"mother",2,2,0,"yes","yes","no","no","yes","yes",4,4,4,2,3,5,6,12,12,12
"138","GP","F",17,"U","LE3","T",2,2,"services","services","course","yes","yes","father",1,4,0,"no","no","yes","yes","yes","yes",3,4,1,1,1,2,0,10,9,0,"father",1,4,0,"no","no","no","yes","yes","yes",3,4,1,1,1,2,2,10,11,12
"139","GP","F",17,"U","LE3","T",2,4,"services","services","course","yes","yes","father",1,2,0,"no","no","no","yes","yes","yes",4,3,2,1,1,5,0,14,15,15,"father",1,2,0,"no","no","no","yes","yes","yes",4,3,2,1,1,5,8,14,15,16
"140","GP","F",17,"U","LE3","T",3,2,"other","other","reputation","yes","yes","mother",2,2,0,"no","no","yes","no","yes","no",4,4,4,1,3,1,2,14,15,15,"mother",2,2,0,"no","no","no","no","yes","no",4,4,4,1,3,1,2,14,16,15
"141","GP","F",17,"U","LE3","T",3,3,"other","other","reputation","yes","yes","mother",1,2,0,"no","yes","no","yes","yes","yes",5,3,3,2,3,1,56,9,9,8,"mother",1,2,0,"no","yes","no","yes","yes","yes",5,3,3,2,3,1,32,14,13,14
"142","GP","F",17,"U","LE3","T",4,2,"teacher","services","reputation","yes","yes","mother",1,4,0,"no","yes","yes","yes","yes","no",4,2,3,1,1,4,6,14,12,13,"mother",1,4,0,"no","yes","no","yes","yes","no",4,2,3,1,1,4,2,14,15,17
"143","GP","F",17,"U","LE3","T",4,3,"health","other","reputation","yes","yes","father",1,2,0,"no","no","no","yes","yes","yes",3,2,3,1,2,3,14,13,13,14,"father",1,2,0,"no","no","no","yes","yes","yes",3,2,3,1,2,3,0,14,12,12
"144","GP","F",18,"R","GT3","A",3,2,"other","services","home","no","yes","mother",2,2,0,"no","no","no","no","no","yes",4,1,1,1,1,5,75,10,9,9,"mother",2,2,0,"no","no","no","no","no","yes",4,1,1,1,1,5,15,12,9,10
"145","GP","F",18,"R","GT3","T",1,1,"at_home","other","course","no","no","mother",3,1,3,"no","yes","no","yes","yes","no",5,2,5,1,5,4,6,9,8,10,"mother",3,1,3,"no","yes","no","yes","yes","no",5,2,5,1,5,4,6,11,10,11
"146","GP","F",18,"R","GT3","T",2,1,"other","other","reputation","yes","yes","mother",2,2,0,"no","yes","no","no","no","yes",4,3,5,1,2,3,0,6,0,0,"mother",2,2,0,"no","yes","no","no","no","yes",4,3,5,1,2,3,12,8,9,10
"147","GP","F",18,"R","GT3","T",2,2,"at_home","other","course","yes","no","mother",2,4,0,"no","no","no","yes","yes","no",4,4,4,1,1,4,0,10,9,0,"mother",2,4,0,"no","no","no","yes","yes","no",4,4,4,1,1,4,6,14,13,14
"148","GP","F",18,"R","GT3","T",3,1,"other","other","reputation","yes","yes","mother",1,2,1,"no","no","no","yes","yes","yes",5,3,3,1,1,4,16,9,8,7,"mother",1,2,0,"no","no","no","yes","yes","yes",5,3,3,1,1,4,4,8,8,8
"149","GP","F",18,"R","GT3","T",4,4,"teacher","other","reputation","yes","yes","mother",2,2,0,"no","no","yes","yes","yes","no",4,3,4,2,2,4,8,12,10,11,"mother",2,2,0,"no","no","no","yes","yes","no",4,3,4,2,2,4,8,10,11,12
"150","GP","F",18,"R","LE3","T",1,1,"at_home","other","reputation","yes","no","mother",2,4,0,"no","yes","yes","yes","yes","no",5,2,2,1,1,3,1,12,12,12,"mother",2,4,0,"no","yes","no","yes","yes","no",5,2,2,1,1,3,2,17,17,18
"151","GP","F",18,"U","GT3","A",4,4,"at_home","teacher","course","yes","no","mother",2,2,0,"yes","no","no","no","yes","no",4,3,4,1,1,3,6,5,6,6,"mother",2,2,0,"yes","no","no","no","yes","no",4,3,4,1,1,3,4,0,11,11
"152","GP","F",18,"U","GT3","T",1,1,"other","other","home","yes","yes","mother",2,2,0,"yes","no","no","yes","yes","no",5,4,4,1,1,4,4,8,9,10,"mother",2,2,0,"yes","no","no","yes","yes","no",5,4,4,1,1,4,0,12,13,13
"153","GP","F",18,"U","GT3","T",1,1,"other","other","home","yes","yes","mother",2,2,0,"yes","no","no","yes","yes","no",5,4,4,1,1,4,4,8,9,10,"mother",2,3,0,"no","no","no","yes","yes","no",4,5,5,1,2,2,0,14,14,14
"154","GP","F",18,"U","GT3","T",2,1,"other","other","course","no","yes","other",2,3,0,"no","yes","yes","no","yes","yes",4,4,4,1,1,3,0,7,0,0,"other",2,3,0,"no","yes","no","no","yes","yes",4,4,4,1,1,3,10,12,10,11
"155","GP","F",18,"U","GT3","T",2,1,"services","other","course","yes","yes","mother",2,2,0,"no","yes","yes","yes","yes","no",5,3,3,1,2,1,0,8,8,0,"mother",2,2,0,"no","yes","no","yes","yes","no",5,3,3,1,2,1,2,12,12,15
"156","GP","F",18,"U","GT3","T",2,2,"at_home","at_home","other","yes","yes","mother",1,3,0,"no","yes","yes","no","yes","no",4,3,3,1,2,2,5,18,18,19,"mother",1,3,0,"no","yes","no","no","yes","no",4,3,3,1,2,2,0,18,18,18
"157","GP","F",18,"U","GT3","T",2,2,"at_home","services","home","yes","yes","mother",1,3,0,"no","yes","yes","yes","yes","yes",4,3,3,1,1,3,0,9,10,0,"mother",1,3,0,"no","yes","no","yes","yes","yes",4,3,3,1,1,3,0,11,12,13
"158","GP","F",18,"U","GT3","T",2,3,"at_home","other","course","yes","yes","mother",1,3,0,"no","yes","no","no","yes","no",4,3,3,1,2,3,4,11,10,10,"mother",1,3,0,"no","yes","no","no","yes","no",4,3,3,1,2,3,0,11,12,14
"159","GP","F",18,"U","GT3","T",2,3,"other","services","reputation","yes","yes","father",1,4,0,"no","yes","yes","yes","yes","yes",4,5,5,1,3,2,4,15,14,14,"father",1,4,0,"no","yes","no","yes","yes","yes",4,5,5,1,3,2,10,16,16,16
"160","GP","F",18,"U","GT3","T",3,2,"other","services","other","yes","yes","mother",1,3,0,"no","no","no","no","yes","yes",5,4,3,2,3,1,7,13,13,14,"mother",1,3,0,"no","no","no","no","yes","yes",5,4,3,2,3,1,4,14,16,17
"161","GP","F",18,"U","GT3","T",3,3,"services","services","home","yes","yes","mother",1,2,0,"no","no","no","yes","yes","no",5,3,4,1,1,4,0,7,0,0,"mother",1,2,0,"no","no","no","yes","yes","no",5,3,4,1,1,4,8,10,11,12
"162","GP","F",18,"U","GT3","T",4,3,"other","other","course","yes","yes","mother",1,3,0,"no","yes","yes","yes","yes","yes",4,3,4,1,1,5,9,9,10,9,"mother",1,3,0,"no","yes","no","yes","yes","yes",4,3,4,1,1,5,2,14,15,17
"163","GP","F",18,"U","GT3","T",4,3,"other","other","reputation","yes","yes","father",1,4,0,"no","yes","yes","no","yes","no",4,3,3,1,1,3,0,14,13,14,"father",1,4,0,"no","yes","no","no","yes","no",4,3,3,1,1,3,0,16,17,17
"164","GP","F",18,"U","GT3","T",4,3,"services","other","home","yes","yes","father",1,2,0,"no","yes","yes","no","yes","yes",3,1,2,1,3,2,21,17,18,18,"father",1,2,0,"no","yes","no","no","yes","yes",3,1,2,1,3,2,2,15,15,15
"165","GP","F",18,"U","GT3","T",4,4,"health","health","reputation","yes","yes","father",1,2,1,"yes","yes","no","yes","yes","yes",2,4,4,1,1,4,15,9,8,8,"father",1,2,1,"yes","yes","no","yes","yes","yes",2,4,4,1,1,4,2,14,12,13
"166","GP","F",18,"U","GT3","T",4,4,"teacher","other","course","yes","yes","mother",1,2,0,"no","yes","yes","no","yes","no",4,4,4,3,3,5,2,11,11,11,"mother",1,2,0,"no","yes","no","no","yes","no",4,4,4,3,3,5,0,12,11,13
"167","GP","F",18,"U","LE3","A",4,4,"health","other","home","yes","yes","mother",1,2,0,"no","yes","no","no","yes","yes",4,2,4,1,1,4,14,12,10,11,"mother",1,2,0,"no","yes","yes","no","yes","yes",4,2,4,1,1,4,0,14,15,15
"168","GP","F",18,"U","LE3","T",1,1,"other","other","home","no","no","mother",2,2,0,"no","yes","yes","no","yes","no",4,4,3,1,1,3,2,11,11,11,"mother",2,2,0,"no","yes","no","no","yes","no",4,4,3,1,1,3,2,13,13,13
"169","GP","F",18,"U","LE3","T",2,2,"other","other","home","no","yes","other",1,2,0,"no","no","no","yes","yes","yes",4,3,3,1,1,2,0,8,8,0,"other",1,2,0,"no","no","no","yes","yes","yes",4,3,3,1,1,2,0,10,9,12
"170","GP","F",18,"U","LE3","T",3,3,"services","services","home","yes","yes","mother",1,4,0,"no","yes","no","no","yes","no",5,3,3,1,1,1,7,16,15,17,"mother",1,4,0,"no","yes","no","no","yes","no",5,3,3,1,1,1,4,14,14,15
"171","GP","F",18,"U","LE3","T",4,3,"other","other","home","yes","yes","other",2,2,0,"no","yes","yes","no","yes","yes",4,4,5,1,2,2,10,10,8,8,"other",2,2,0,"no","yes","no","no","yes","yes",4,4,5,1,2,2,0,13,14,14
"172","GP","F",19,"U","GT3","T",0,1,"at_home","other","course","no","no","other",1,2,3,"no","yes","no","no","no","no",3,4,2,1,1,5,2,7,8,9,"other",1,2,2,"no","yes","no","no","no","no",3,4,2,1,1,5,0,9,10,11
"173","GP","F",19,"U","GT3","T",3,3,"other","other","reputation","yes","yes","other",1,4,0,"no","yes","yes","yes","yes","no",4,3,3,1,2,3,10,8,8,8,"other",1,4,0,"no","yes","no","yes","yes","no",4,3,3,1,2,3,4,12,12,12
"174","GP","F",19,"U","GT3","T",3,3,"other","services","home","yes","yes","other",1,2,2,"no","yes","yes","yes","yes","no",4,3,5,3,3,5,15,9,9,9,"other",1,2,0,"no","yes","no","yes","yes","no",4,3,5,3,3,5,16,11,12,12
"175","GP","F",19,"U","GT3","T",4,4,"health","other","reputation","yes","yes","other",2,2,0,"no","yes","yes","yes","yes","no",2,3,4,2,3,2,0,10,9,0,"other",2,2,0,"no","yes","no","yes","yes","no",2,3,4,2,3,2,2,14,13,13
"176","GP","M",15,"R","GT3","T",2,1,"health","services","reputation","yes","yes","mother",1,2,0,"no","no","no","yes","yes","yes",5,4,2,1,1,5,8,9,9,9,"mother",1,2,0,"no","no","no","yes","yes","yes",5,4,2,1,1,5,4,10,9,10
"177","GP","M",15,"R","GT3","T",2,3,"at_home","services","course","yes","no","mother",1,2,0,"yes","no","yes","yes","yes","no",4,4,4,1,1,1,2,11,8,8,"mother",1,2,0,"yes","no","yes","yes","yes","no",4,4,4,1,1,1,0,7,8,8
"178","GP","M",15,"R","GT3","T",3,4,"at_home","teacher","course","yes","no","mother",4,2,0,"no","yes","no","no","yes","yes",5,3,3,1,1,5,0,9,0,0,"mother",4,2,0,"no","yes","no","no","yes","yes",5,3,3,1,1,5,2,12,11,11
"179","GP","M",15,"R","GT3","T",4,3,"teacher","at_home","course","yes","yes","mother",1,2,0,"no","yes","no","yes","yes","yes",4,5,2,1,1,5,0,17,16,16,"mother",1,2,0,"no","yes","no","yes","yes","yes",4,5,2,1,1,5,0,13,14,15
"180","GP","M",15,"R","GT3","T",4,4,"other","other","home","yes","yes","father",4,4,0,"no","yes","yes","yes","yes","yes",1,3,5,3,5,1,6,10,13,13,"father",4,4,0,"no","yes","no","yes","yes","yes",1,3,5,3,5,1,8,12,10,11
"181","GP","M",15,"U","GT3","A",2,2,"other","other","home","yes","yes","other",1,3,0,"no","yes","no","no","yes","yes",4,5,2,1,1,3,0,14,16,16,"other",1,3,0,"no","yes","no","no","yes","yes",4,5,2,1,1,3,0,14,14,15
"182","GP","M",15,"U","GT3","A",3,4,"services","other","course","yes","yes","mother",1,2,0,"no","yes","yes","yes","yes","no",5,4,4,1,1,1,0,16,18,18,"mother",1,2,0,"no","yes","no","yes","yes","no",5,4,4,1,1,1,0,16,16,16
"183","GP","M",15,"U","GT3","A",4,4,"other","services","reputation","no","yes","mother",1,4,0,"no","yes","no","yes","yes","yes",1,3,3,5,5,3,4,13,13,12,"mother",1,4,0,"no","yes","no","yes","yes","yes",1,3,3,5,5,3,0,11,12,12
"184","GP","M",15,"U","GT3","T",2,2,"other","other","home","yes","yes","mother",1,1,0,"no","yes","yes","no","yes","no",4,2,2,1,2,5,2,12,12,11,"mother",1,1,0,"no","yes","no","no","yes","no",4,2,2,1,2,5,8,11,12,12
"185","GP","M",15,"U","GT3","T",2,2,"services","services","course","yes","yes","father",1,1,0,"yes","yes","no","no","yes","no",5,4,1,1,1,1,0,8,8,11,"father",1,1,0,"yes","yes","no","no","yes","no",5,4,1,1,1,1,0,9,10,10
"186","GP","M",15,"U","GT3","T",2,2,"services","services","home","yes","yes","father",1,4,0,"no","yes","yes","yes","yes","no",5,5,4,1,2,5,6,16,14,15,"father",1,4,0,"no","yes","no","yes","yes","no",5,5,4,1,2,5,6,14,13,13
"187","GP","M",15,"U","GT3","T",2,3,"other","other","home","no","yes","mother",1,3,0,"yes","no","yes","no","yes","no",5,3,2,1,2,5,4,11,10,11,"mother",1,3,0,"yes","no","no","no","yes","no",5,3,2,1,2,5,2,10,9,9
"188","GP","M",15,"U","GT3","T",2,3,"other","services","course","no","yes","father",1,1,0,"yes","yes","yes","yes","yes","yes",3,2,2,1,3,3,2,10,12,12,"father",1,1,0,"yes","yes","no","yes","yes","yes",3,2,2,1,3,3,0,11,11,12
"189","GP","M",15,"U","GT3","T",3,4,"other","other","home","yes","yes","mother",1,2,0,"no","yes","yes","yes","yes","no",5,5,1,1,1,5,0,14,15,15,"mother",1,2,0,"no","yes","no","yes","yes","no",5,5,1,1,1,5,0,12,12,13
"190","GP","M",15,"U","GT3","T",3,4,"other","other","reputation","yes","yes","father",1,1,0,"no","no","no","no","yes","no",3,4,3,1,2,4,6,14,13,13,"father",1,1,0,"no","no","no","no","yes","no",3,4,3,1,2,4,2,14,13,14
"191","GP","M",15,"U","GT3","T",3,4,"services","services","home","yes","yes","father",1,1,0,"yes","no","no","no","yes","no",5,5,5,3,2,5,0,13,13,12,"father",1,1,0,"yes","no","no","no","yes","no",5,5,5,3,2,5,2,9,9,9
"192","GP","M",15,"U","GT3","T",4,0,"teacher","other","course","yes","yes","mother",2,4,0,"no","no","no","yes","yes","no",3,4,3,1,1,1,8,11,11,10,"mother",2,4,0,"no","no","no","yes","yes","no",3,4,3,1,1,1,0,12,11,11
"193","GP","M",15,"U","GT3","T",4,2,"health","services","other","yes","yes","mother",1,1,0,"no","no","yes","no","yes","no",2,2,4,2,4,1,4,15,16,15,"mother",1,1,0,"no","no","no","no","yes","no",2,2,4,2,4,1,0,11,11,11
"194","GP","M",15,"U","GT3","T",4,2,"other","other","course","yes","yes","mother",1,4,0,"no","no","no","no","yes","no",3,3,3,1,1,3,0,10,10,10,"mother",1,4,0,"no","no","no","no","yes","no",3,3,3,1,1,3,0,11,9,10
"195","GP","M",15,"U","GT3","T",4,2,"teacher","other","home","yes","no","mother",1,2,0,"no","yes","yes","no","yes","no",4,3,3,2,2,5,2,15,15,14,"mother",1,2,0,"no","yes","no","no","yes","no",4,3,3,2,2,5,4,11,12,13
"196","GP","M",15,"U","GT3","T",4,3,"teacher","other","course","yes","yes","mother",2,2,0,"no","yes","yes","no","yes","no",5,4,3,1,2,3,2,10,10,11,"mother",2,2,0,"no","yes","no","no","yes","no",5,4,3,1,2,3,0,12,12,13
"197","GP","M",15,"U","GT3","T",4,3,"teacher","other","home","yes","yes","mother",1,2,0,"no","yes","yes","yes","yes","no",4,3,3,2,3,5,6,9,9,10,"mother",1,2,0,"no","yes","no","yes","yes","no",4,3,3,2,3,5,0,11,11,11
"198","GP","M",15,"U","GT3","T",4,3,"teacher","other","reputation","yes","yes","mother",1,2,0,"no","no","no","no","yes","no",4,4,1,1,1,1,0,13,14,15,"mother",1,2,0,"no","no","no","no","yes","no",4,4,1,1,1,1,0,12,13,14
"199","GP","M",15,"U","GT3","T",4,3,"teacher","services","course","yes","yes","father",2,4,0,"yes","yes","no","no","yes","no",2,2,2,1,1,3,0,7,9,0,"father",2,4,0,"yes","yes","no","no","yes","no",2,2,2,1,1,3,6,9,11,11
"200","GP","M",15,"U","GT3","T",4,4,"health","health","other","yes","yes","father",1,1,0,"no","yes","yes","no","yes","no",5,4,2,1,1,5,0,12,15,15,"father",1,1,0,"no","yes","yes","no","yes","no",5,4,2,1,1,5,0,11,12,12
"201","GP","M",15,"U","GT3","T",4,4,"health","services","home","no","yes","mother",1,2,0,"no","yes","yes","no","yes","no",5,4,2,3,4,5,0,9,11,12,"mother",1,2,0,"no","yes","yes","no","yes","no",5,4,2,3,4,5,0,10,11,11
"202","GP","M",15,"U","GT3","T",4,4,"other","teacher","reputation","yes","no","father",2,2,0,"no","yes","no","yes","yes","no",4,4,3,1,1,2,2,11,13,14,"father",2,2,0,"no","yes","no","yes","yes","no",4,4,3,1,1,2,4,16,15,16
"203","GP","M",15,"U","GT3","T",4,4,"services","other","course","no","yes","mother",1,1,0,"no","yes","no","yes","yes","no",5,3,3,1,1,5,4,10,13,14,"mother",1,1,0,"no","yes","yes","yes","yes","no",5,3,3,1,1,5,2,12,13,12
"204","GP","M",15,"U","GT3","T",4,4,"services","services","reputation","yes","yes","mother",2,2,0,"no","yes","no","yes","yes","no",4,3,1,1,1,5,0,17,16,17,"mother",2,2,0,"no","yes","no","yes","yes","no",4,3,1,1,1,5,2,15,15,15
"205","GP","M",15,"U","GT3","T",4,4,"services","teacher","course","yes","yes","father",1,2,0,"no","yes","no","yes","yes","no",4,3,3,1,1,5,2,19,18,18,"father",1,2,0,"no","yes","no","yes","yes","no",4,3,3,1,1,5,0,14,15,15
"206","GP","M",15,"U","GT3","T",4,4,"teacher","health","reputation","yes","no","mother",1,2,0,"no","yes","no","yes","yes","no",3,2,2,1,1,5,4,14,15,15,"mother",1,2,0,"no","yes","no","yes","yes","no",3,2,2,1,1,5,8,15,15,16
"207","GP","M",15,"U","LE3","A",2,1,"services","other","course","yes","yes","mother",4,1,3,"no","no","no","no","yes","no",4,5,5,2,5,5,0,8,9,10,"mother",4,1,0,"no","no","no","no","yes","no",4,5,5,2,5,5,0,12,11,11
"208","GP","M",15,"U","LE3","A",3,2,"services","other","home","yes","yes","mother",1,2,0,"no","yes","yes","no","yes","no",4,2,2,1,1,1,0,16,18,19,"mother",1,2,0,"no","yes","no","no","yes","no",4,2,2,1,1,1,0,15,16,17
"209","GP","M",15,"U","LE3","A",4,2,"health","health","other","yes","no","father",2,1,1,"no","no","no","no","yes","no",5,5,5,3,4,5,6,11,11,10,"father",2,1,0,"no","no","no","no","yes","no",5,5,5,3,4,5,4,10,9,9
"210","GP","M",15,"U","LE3","A",4,4,"teacher","teacher","course","yes","yes","mother",1,1,0,"no","no","no","yes","yes","no",5,5,3,1,1,4,6,18,19,19,"mother",1,1,0,"no","no","no","yes","yes","no",5,5,3,1,1,4,4,13,14,14
"211","GP","M",15,"U","LE3","T",1,2,"other","at_home","home","yes","yes","father",1,2,0,"yes","yes","no","yes","yes","no",4,3,2,1,1,5,2,9,10,9,"father",1,2,0,"yes","yes","no","yes","yes","no",4,3,2,1,1,5,0,14,13,14
"212","GP","M",15,"U","LE3","T",2,2,"services","health","reputation","yes","yes","mother",1,4,0,"no","yes","no","yes","yes","no",4,3,4,1,1,4,6,11,13,14,"mother",1,4,0,"no","yes","no","yes","yes","no",4,3,4,1,1,4,2,11,12,12
"213","GP","M",15,"U","LE3","T",2,2,"services","services","home","yes","yes","mother",2,2,0,"no","no","yes","yes","yes","no",5,3,3,1,3,4,4,15,15,15,"mother",2,2,0,"no","no","yes","yes","yes","no",5,3,3,1,3,4,2,13,12,13
"214","GP","M",15,"U","LE3","T",3,3,"other","other","course","no","yes","mother",1,2,0,"no","no","no","yes","yes","no",5,3,2,1,1,2,0,8,10,12,"mother",1,2,0,"no","no","no","yes","yes","no",5,3,2,1,1,2,0,13,12,12
"215","GP","M",15,"U","LE3","T",4,2,"teacher","other","course","yes","yes","mother",1,1,0,"no","no","no","no","yes","no",3,5,2,1,1,3,10,18,19,19,"mother",1,1,0,"no","no","no","no","yes","no",3,5,2,1,1,3,10,18,17,18
"216","GP","M",15,"U","LE3","T",4,3,"teacher","services","home","yes","yes","mother",1,3,0,"no","yes","no","yes","yes","no",5,4,3,1,1,4,2,15,16,18,"mother",1,3,0,"no","yes","no","yes","yes","no",5,4,3,1,1,4,0,14,14,14
"217","GP","M",15,"U","LE3","T",4,4,"health","services","course","yes","yes","father",1,1,0,"no","yes","yes","yes","yes","no",4,3,3,1,3,5,2,14,14,14,"father",1,1,0,"no","yes","no","yes","yes","no",4,3,3,1,3,5,0,12,13,12
"218","GP","M",15,"U","LE3","T",4,4,"teacher","other","home","no","yes","other",1,1,0,"no","yes","no","no","yes","yes",5,4,3,2,4,5,8,12,12,12,"other",1,1,0,"no","yes","no","no","yes","yes",5,4,3,2,4,5,8,10,11,11
"219","GP","M",16,"R","GT3","A",4,4,"other","teacher","reputation","yes","yes","mother",2,3,0,"no","yes","no","yes","yes","yes",2,4,3,1,1,5,7,15,16,15,"mother",2,3,0,"no","yes","no","yes","yes","yes",2,4,3,1,1,5,4,13,13,13
"220","GP","M",16,"R","GT3","T",2,1,"other","other","course","no","no","mother",2,1,0,"no","no","no","yes","yes","no",3,3,2,1,3,3,0,8,9,8,"mother",2,1,0,"no","no","no","yes","yes","no",3,3,2,1,3,3,2,14,13,12
"221","GP","M",16,"R","GT3","T",2,2,"at_home","other","course","no","no","mother",3,1,0,"no","no","no","no","yes","no",4,2,2,1,2,3,2,17,15,15,"mother",3,1,0,"no","no","no","no","yes","no",4,2,2,1,2,3,4,12,10,11
"222","GP","M",16,"R","GT3","T",3,3,"services","services","reputation","yes","yes","mother",1,1,0,"no","yes","no","yes","yes","no",4,3,2,3,4,5,8,8,9,10,"mother",1,1,0,"no","yes","no","yes","yes","no",4,3,2,3,4,5,0,11,10,10
"223","GP","M",16,"R","GT3","T",4,2,"teacher","services","other","yes","yes","mother",1,1,0,"no","yes","no","yes","yes","yes",4,3,3,3,4,3,10,10,8,9,"mother",1,1,0,"no","yes","no","yes","yes","yes",4,3,3,3,4,3,8,10,9,11
"224","GP","M",16,"R","GT3","T",4,3,"services","other","reputation","no","yes","mother",2,1,0,"yes","yes","no","yes","yes","no",3,3,3,1,1,4,2,11,15,15,"mother",2,1,0,"yes","yes","yes","yes","yes","no",3,3,3,1,1,4,6,9,11,11
"225","GP","M",16,"R","GT3","T",4,4,"teacher","teacher","course","yes","yes","mother",1,1,0,"no","no","yes","yes","yes","no",3,5,5,2,5,4,8,18,18,18,"mother",1,1,0,"no","no","no","yes","yes","no",3,5,5,2,5,4,8,14,14,15
"226","GP","M",16,"R","LE3","T",3,3,"teacher","other","home","yes","yes","father",3,1,0,"no","yes","yes","yes","yes","no",3,3,4,3,5,3,8,9,9,10,"father",3,1,0,"no","yes","no","yes","yes","no",3,3,4,3,5,3,16,10,11,12
"227","GP","M",16,"U","GT3","T",0,2,"other","other","other","no","yes","mother",1,1,0,"no","no","yes","no","yes","no",4,3,2,2,4,5,0,13,15,15,"mother",1,1,0,"no","no","no","no","yes","no",4,3,2,2,4,5,0,11,12,11
"228","GP","M",16,"U","GT3","T",1,0,"other","other","reputation","yes","yes","mother",2,2,0,"no","yes","yes","yes","yes","yes",4,3,2,1,1,3,2,13,15,16,"mother",2,2,0,"no","yes","no","yes","yes","yes",4,3,2,1,1,3,0,16,17,18
"229","GP","M",16,"U","GT3","T",1,2,"services","services","other","yes","yes","mother",1,1,0,"no","yes","yes","yes","yes","yes",3,3,3,1,2,3,2,11,12,11,"mother",1,1,0,"no","yes","no","yes","yes","yes",3,3,3,1,2,3,0,10,9,11
"230","GP","M",16,"U","GT3","T",2,1,"other","other","course","yes","yes","mother",3,1,0,"no","no","no","no","yes","no",4,3,3,1,1,4,6,18,18,18,"mother",3,1,0,"no","no","no","no","yes","no",4,3,3,1,1,4,7,15,16,16
"231","GP","M",16,"U","GT3","T",2,2,"other","other","course","yes","yes","father",1,2,0,"no","no","no","no","no","no",4,3,5,2,4,4,4,10,10,10,"father",1,2,0,"no","no","no","no","no","no",4,3,5,2,4,4,0,9,10,11
"232","GP","M",16,"U","GT3","T",2,2,"services","other","reputation","no","yes","father",2,2,1,"no","no","yes","yes","yes","no",4,4,2,1,1,3,12,11,10,10,"father",2,2,0,"no","no","no","yes","yes","no",4,4,2,1,1,3,6,12,10,11
"233","GP","M",16,"U","GT3","T",2,3,"other","other","home","yes","yes","father",2,1,0,"no","no","no","no","yes","no",5,3,3,1,1,3,0,13,14,14,"father",2,1,0,"no","no","no","no","yes","no",5,3,3,1,1,3,0,13,12,12
"234","GP","M",16,"U","GT3","T",3,1,"other","other","reputation","yes","no","mother",1,1,0,"no","no","no","yes","yes","no",5,3,2,2,2,5,2,12,12,14,"mother",1,1,0,"no","no","no","yes","yes","no",5,3,2,2,2,5,0,13,13,14
"235","GP","M",16,"U","GT3","T",3,1,"other","other","reputation","yes","yes","father",2,4,0,"no","yes","yes","no","yes","no",4,3,2,1,1,5,0,13,15,15,"father",2,4,0,"no","yes","no","no","yes","no",4,3,2,1,1,5,2,13,11,11
"236","GP","M",16,"U","GT3","T",3,2,"at_home","other","reputation","yes","yes","mother",2,3,0,"no","no","no","yes","yes","yes",5,3,3,1,3,2,10,11,9,10,"mother",2,3,0,"no","no","no","yes","yes","yes",5,3,3,1,3,2,0,12,12,12
"237","GP","M",16,"U","GT3","T",3,2,"other","other","home","no","yes","mother",1,1,0,"no","yes","yes","no","yes","no",5,4,3,1,1,5,0,12,14,15,"mother",1,1,0,"no","yes","no","no","yes","no",5,4,3,1,1,5,4,12,12,12
"238","GP","M",16,"U","GT3","T",3,3,"at_home","other","reputation","no","yes","other",3,2,0,"yes","yes","no","no","yes","no",5,3,3,1,3,2,6,7,10,10,"other",3,2,1,"yes","yes","no","no","yes","no",5,3,3,1,3,2,4,9,11,10
"239","GP","M",16,"U","GT3","T",3,3,"other","services","course","yes","yes","father",1,2,1,"no","yes","yes","no","yes","yes",4,5,5,4,4,5,4,10,12,12,"father",1,2,1,"no","yes","no","no","yes","yes",4,5,5,4,4,5,0,10,10,1
"240","GP","M",16,"U","GT3","T",3,3,"other","services","home","yes","yes","father",2,1,0,"no","no","no","yes","yes","no",5,4,2,1,1,5,0,13,14,13,"father",2,1,0,"no","no","no","yes","yes","no",5,4,2,1,1,5,6,14,14,15
"241","GP","M",16,"U","GT3","T",3,3,"services","other","home","yes","yes","father",1,3,0,"no","yes","no","yes","yes","no",5,3,3,1,1,5,2,16,18,18,"father",1,3,0,"no","yes","no","yes","yes","no",5,3,3,1,1,5,4,13,14,14
"242","GP","M",16,"U","GT3","T",3,3,"services","other","home","yes","yes","father",1,3,0,"no","yes","no","yes","yes","no",5,3,3,1,1,5,2,16,18,18,"mother",1,2,0,"no","no","no","yes","yes","yes",4,2,3,1,2,3,0,11,12,13
"243","GP","M",16,"U","GT3","T",3,3,"services","other","home","yes","yes","mother",1,2,0,"no","no","yes","yes","yes","yes",4,2,3,1,2,3,2,12,13,12,"father",1,3,0,"no","yes","no","yes","yes","no",5,3,3,1,1,5,4,13,14,14
"244","GP","M",16,"U","GT3","T",3,3,"services","other","home","yes","yes","mother",1,2,0,"no","no","yes","yes","yes","yes",4,2,3,1,2,3,2,12,13,12,"mother",1,2,0,"no","no","no","yes","yes","yes",4,2,3,1,2,3,0,11,12,13
"245","GP","M",16,"U","GT3","T",3,4,"other","other","course","no","yes","father",3,1,2,"no","yes","no","yes","yes","no",3,4,5,2,4,2,0,6,5,0,"father",3,1,1,"no","yes","no","yes","yes","no",3,4,5,2,4,2,4,9,9,10
"246","GP","M",16,"U","GT3","T",4,3,"health","services","reputation","yes","yes","mother",1,4,0,"no","no","no","yes","yes","no",4,2,2,1,1,2,4,19,19,20,"mother",1,4,0,"no","no","no","yes","yes","no",4,2,2,1,1,2,2,17,17,17
"247","GP","M",16,"U","GT3","T",4,3,"teacher","other","home","yes","yes","mother",1,2,0,"no","yes","yes","yes","yes","no",3,4,3,2,3,3,10,9,8,8,"mother",1,2,0,"no","yes","yes","yes","yes","no",3,4,3,2,3,3,4,11,10,11
"248","GP","M",16,"U","GT3","T",4,4,"health","other","course","yes","yes","mother",1,1,0,"no","yes","no","yes","yes","no",3,4,4,1,4,5,18,14,11,13,"mother",1,1,0,"no","yes","no","yes","yes","no",3,4,4,1,4,5,4,12,13,13
"249","GP","M",16,"U","GT3","T",4,4,"health","other","reputation","yes","yes","father",1,2,0,"no","yes","yes","yes","yes","no",4,2,4,2,4,1,2,14,13,13,"father",1,2,0,"no","yes","no","yes","yes","no",4,2,4,2,4,1,0,13,13,14
"250","GP","M",16,"U","GT3","T",4,4,"services","services","course","yes","yes","mother",1,1,0,"no","no","no","yes","yes","no",5,3,2,1,2,5,0,13,12,12,"mother",1,1,0,"no","no","yes","yes","yes","no",5,3,2,1,2,5,4,14,15,15
"251","GP","M",16,"U","GT3","T",4,4,"services","services","course","yes","yes","mother",1,1,0,"no","no","no","yes","yes","no",5,3,2,1,2,5,0,13,12,12,"mother",1,3,0,"no","yes","no","yes","yes","no",5,3,3,1,3,5,0,15,13,13
"252","GP","M",16,"U","GT3","T",4,4,"services","services","other","yes","yes","mother",1,1,0,"yes","yes","yes","yes","yes","no",4,5,5,5,5,4,14,7,7,5,"mother",1,1,0,"yes","yes","no","yes","yes","no",4,5,5,5,5,4,12,9,9,8
"253","GP","M",16,"U","GT3","T",4,4,"services","teacher","other","yes","yes","father",1,3,0,"no","yes","no","yes","yes","yes",4,4,3,1,1,4,0,16,17,17,"father",1,3,0,"no","yes","no","yes","yes","yes",4,4,3,1,1,4,0,16,16,16
"254","GP","M",16,"U","GT3","T",4,4,"teacher","teacher","course","yes","yes","mother",1,1,0,"no","yes","no","no","no","yes",3,3,2,2,1,5,0,7,6,0,"father",1,2,0,"no","yes","no","yes","yes","no",5,4,4,1,2,5,6,16,14,14
"255","GP","M",16,"U","GT3","T",4,4,"teacher","teacher","course","yes","yes","mother",1,1,0,"no","yes","no","no","no","yes",3,3,2,2,1,5,0,7,6,0,"mother",1,1,0,"no","yes","no","no","no","yes",3,3,2,2,1,5,16,9,9,8
"256","GP","M",16,"U","GT3","T",4,4,"teacher","teacher","course","yes","yes","father",1,2,0,"no","yes","no","yes","yes","no",5,4,4,1,2,5,2,15,15,16,"father",1,2,0,"no","yes","no","yes","yes","no",5,4,4,1,2,5,6,16,14,14
"257","GP","M",16,"U","GT3","T",4,4,"teacher","teacher","course","yes","yes","father",1,2,0,"no","yes","no","yes","yes","no",5,4,4,1,2,5,2,15,15,16,"mother",1,1,0,"no","yes","no","no","no","yes",3,3,2,2,1,5,16,9,9,8
"258","GP","M",16,"U","GT3","T",4,4,"teacher","teacher","home","yes","yes","mother",1,2,0,"no","yes","yes","yes","yes","yes",4,4,5,5,5,5,16,10,12,11,"mother",1,2,0,"no","yes","yes","yes","yes","yes",4,4,5,5,5,5,4,12,11,12
"259","GP","M",16,"U","LE3","A",3,4,"services","other","home","yes","yes","mother",1,2,0,"yes","yes","no","yes","yes","no",5,3,3,1,1,5,4,11,11,11,"mother",1,2,0,"yes","yes","yes","yes","yes","no",5,3,3,1,1,5,2,12,12,13
"260","GP","M",16,"U","LE3","A",4,4,"teacher","health","reputation","yes","no","mother",1,2,0,"no","yes","no","no","yes","no",4,1,3,3,5,5,18,8,6,7,"mother",1,2,0,"no","yes","no","no","yes","no",4,1,3,3,5,5,6,9,9,10
"261","GP","M",16,"U","LE3","T",1,1,"other","other","home","yes","yes","mother",2,2,0,"no","yes","yes","no","yes","no",3,4,2,1,1,5,18,9,7,6,"mother",2,2,0,"no","yes","no","no","yes","no",3,4,2,1,1,5,2,9,9,9
"262","GP","M",16,"U","LE3","T",1,1,"services","other","course","yes","no","mother",1,2,1,"no","no","no","no","yes","yes",4,4,4,1,3,5,0,14,12,12,"mother",1,2,2,"no","no","no","no","yes","yes",4,4,4,1,3,5,0,10,10,10
"263","GP","M",16,"U","LE3","T",2,1,"at_home","other","course","yes","no","mother",1,1,1,"no","no","no","yes","yes","yes",4,4,4,3,5,5,6,12,13,14,"mother",1,1,1,"no","no","no","yes","yes","yes",4,4,4,3,5,5,6,9,10,10
"264","GP","M",16,"U","LE3","T",2,1,"other","other","course","yes","yes","mother",1,2,0,"no","no","yes","yes","yes","yes",4,2,3,1,2,5,0,15,15,15,"mother",1,2,0,"no","no","no","yes","yes","yes",4,2,3,1,2,5,0,13,14,16
"265","GP","M",16,"U","LE3","T",2,2,"other","other","home","yes","yes","mother",1,2,0,"no","no","no","no","yes","no",4,4,4,1,1,3,0,12,12,11,"mother",1,2,0,"no","no","no","no","yes","no",4,4,4,1,1,3,0,13,12,13
"266","GP","M",16,"U","LE3","T",2,2,"other","other","reputation","yes","yes","mother",2,2,0,"no","yes","no","yes","yes","no",5,4,4,2,4,5,0,13,13,12,"mother",2,2,0,"no","yes","no","yes","yes","no",5,4,4,2,4,5,2,10,10,10
"267","GP","M",16,"U","LE3","T",2,2,"services","services","reputation","yes","yes","father",2,1,2,"no","yes","no","yes","yes","no",2,3,3,2,2,2,8,9,9,9,"father",2,1,0,"no","yes","no","yes","yes","no",2,3,3,2,2,2,4,12,11,11
"268","GP","M",16,"U","LE3","T",4,2,"teacher","other","course","yes","yes","mother",1,2,0,"no","no","no","yes","yes","no",4,5,1,1,3,5,2,15,15,16,"mother",1,2,0,"no","no","no","yes","yes","no",4,5,1,1,3,5,0,12,13,14
"269","GP","M",16,"U","LE3","T",4,3,"health","other","home","yes","yes","father",1,1,0,"no","no","yes","yes","yes","no",3,1,3,1,3,5,4,8,10,10,"father",1,1,0,"no","no","no","yes","yes","no",3,1,3,1,3,5,6,12,12,12
"270","GP","M",16,"U","LE3","T",4,3,"services","other","reputation","yes","yes","mother",1,2,0,"no","yes","yes","yes","yes","no",5,4,2,1,2,5,10,15,15,15,"mother",1,2,0,"no","yes","no","yes","yes","no",5,4,2,1,2,5,6,12,12,13
"271","GP","M",16,"U","LE3","T",4,3,"teacher","other","course","no","yes","mother",1,1,0,"no","no","no","yes","yes","no",5,4,5,1,1,3,0,6,0,0,"mother",1,1,0,"no","no","no","yes","yes","no",5,4,5,1,1,3,7,14,14,15
"272","GP","M",17,"R","GT3","T",1,2,"at_home","at_home","home","no","no","mother",1,2,0,"no","yes","yes","yes","yes","yes",3,5,2,2,2,1,2,15,14,14,"mother",1,2,0,"no","yes","no","yes","yes","yes",3,5,2,2,2,1,2,16,17,18
"273","GP","M",17,"R","GT3","T",1,2,"at_home","other","home","yes","no","mother",1,2,0,"no","no","no","no","yes","no",3,1,3,1,5,3,4,8,9,10,"mother",1,2,0,"no","no","no","no","yes","no",3,1,3,1,5,3,6,9,9,10
"274","GP","M",17,"R","GT3","T",1,3,"other","other","course","yes","yes","father",3,2,1,"no","yes","no","yes","yes","no",5,2,4,1,4,5,20,9,7,8,"father",3,2,1,"no","yes","no","yes","yes","no",5,2,4,1,4,5,14,12,11,11
"275","GP","M",17,"R","GT3","T",2,1,"other","other","course","no","yes","mother",1,1,0,"no","no","no","no","yes","no",4,4,2,2,4,5,0,8,12,12,"mother",1,1,0,"no","no","no","no","yes","no",4,4,2,2,4,5,0,12,12,13
"276","GP","M",17,"R","GT3","T",2,2,"other","other","course","yes","yes","father",2,2,0,"no","yes","yes","yes","yes","no",4,5,2,1,1,1,4,11,11,11,"father",2,2,0,"no","yes","no","yes","yes","no",4,5,2,1,1,1,0,12,13,13
"277","GP","M",17,"R","GT3","T",2,2,"services","other","course","yes","yes","mother",4,1,0,"no","yes","no","no","yes","no",4,4,5,5,5,4,8,11,10,10,"mother",4,1,0,"no","yes","no","no","yes","no",4,4,5,5,5,4,2,11,10,10
"278","GP","M",17,"R","GT3","T",3,4,"at_home","other","course","yes","no","mother",3,2,0,"no","no","no","no","yes","no",5,4,5,2,4,5,0,10,0,0,"mother",3,2,0,"no","no","no","no","yes","no",5,4,5,2,4,5,2,10,9,10
"279","GP","M",17,"R","LE3","A",4,4,"teacher","other","course","yes","yes","mother",2,2,0,"no","yes","yes","no","yes","no",3,3,3,2,3,4,2,10,11,12,"mother",2,2,0,"no","yes","no","no","yes","no",3,3,3,2,3,4,0,12,12,12
"280","GP","M",17,"R","LE3","T",1,1,"other","services","course","yes","no","mother",4,2,3,"no","no","no","yes","no","yes",5,3,5,1,5,5,0,5,8,7,"mother",4,2,0,"no","no","no","yes","no","yes",5,3,5,1,5,5,0,8,8,8
"281","GP","M",17,"R","LE3","T",1,2,"other","other","reputation","yes","no","mother",1,1,0,"no","no","no","no","yes","no",2,2,2,3,3,5,8,16,12,13,"mother",1,1,3,"no","no","no","no","yes","no",2,2,2,3,3,5,14,9,8,10
"282","GP","M",17,"R","LE3","T",2,1,"at_home","other","course","yes","yes","mother",2,1,2,"no","no","no","yes","no","yes",3,3,2,2,2,5,0,7,6,0,"mother",2,1,1,"no","no","yes","yes","no","yes",3,3,2,2,2,5,8,8,8,9
"283","GP","M",17,"U","GT3","T",1,1,"other","other","reputation","no","yes","father",1,2,0,"no","no","yes","no","yes","no",4,3,3,1,2,4,2,12,10,11,"father",1,2,0,"no","no","no","no","yes","no",4,3,3,1,2,4,0,12,12,12
"284","GP","M",17,"U","GT3","T",1,2,"at_home","services","other","no","yes","other",2,2,0,"no","no","yes","yes","yes","no",4,4,4,4,5,5,12,7,8,8,"other",2,2,0,"no","no","no","yes","yes","no",4,4,4,4,5,5,16,10,11,12
"285","GP","M",17,"U","GT3","T",2,1,"other","other","home","yes","yes","mother",1,1,3,"no","yes","no","no","yes","no",5,4,5,1,2,5,0,5,0,0,"mother",2,1,3,"yes","yes","no","yes","no","no",4,5,1,1,1,3,0,9,9,10
"286","GP","M",17,"U","GT3","T",2,1,"other","other","home","yes","yes","mother",1,1,3,"no","yes","no","no","yes","no",5,4,5,1,2,5,0,5,0,0,"mother",1,1,0,"no","yes","no","no","yes","no",5,4,5,1,2,5,22,9,7,6
"287","GP","M",17,"U","GT3","T",2,1,"other","other","home","yes","yes","mother",2,1,3,"yes","yes","no","yes","no","no",4,5,1,1,1,3,2,8,8,10,"mother",2,1,3,"yes","yes","no","yes","no","no",4,5,1,1,1,3,0,9,9,10
"288","GP","M",17,"U","GT3","T",2,1,"other","other","home","yes","yes","mother",2,1,3,"yes","yes","no","yes","no","no",4,5,1,1,1,3,2,8,8,10,"mother",1,1,0,"no","yes","no","no","yes","no",5,4,5,1,2,5,22,9,7,6
"289","GP","M",17,"U","GT3","T",2,3,"other","other","course","yes","yes","father",2,1,0,"no","no","no","no","yes","no",5,2,2,1,1,2,4,12,12,13,"father",2,1,0,"no","no","no","no","yes","no",5,2,2,1,1,2,2,9,12,13
"290","GP","M",17,"U","GT3","T",3,1,"services","other","other","yes","yes","mother",1,2,0,"no","no","yes","yes","yes","yes",5,4,4,3,4,5,2,9,9,10,"mother",1,2,0,"no","no","no","yes","yes","yes",5,4,4,3,4,5,0,11,11,14
"291","GP","M",17,"U","GT3","T",3,2,"services","services","course","yes","yes","mother",1,1,3,"no","yes","no","yes","yes","no",5,5,5,2,4,5,16,6,5,5,"mother",1,1,3,"no","yes","yes","yes","yes","no",5,5,5,2,4,5,2,8,8,7
"292","GP","M",17,"U","GT3","T",3,3,"health","other","home","yes","yes","mother",1,1,0,"no","yes","yes","no","yes","no",4,4,3,1,3,5,4,14,12,11,"mother",1,1,0,"no","yes","no","no","yes","no",4,4,3,1,3,5,0,14,15,15
"293","GP","M",17,"U","GT3","T",3,3,"other","other","reputation","no","yes","father",1,2,0,"no","no","no","yes","yes","no",4,3,4,1,4,4,4,6,5,6,"father",1,2,0,"no","no","no","yes","yes","no",4,3,4,1,4,4,4,11,9,10
"294","GP","M",17,"U","GT3","T",3,3,"other","services","reputation","no","yes","mother",1,1,0,"no","no","no","yes","yes","no",4,3,5,3,5,5,3,14,15,16,"mother",1,1,0,"no","no","no","yes","yes","no",4,3,5,3,5,5,0,17,18,17
"295","GP","M",17,"U","GT3","T",3,3,"services","services","other","yes","yes","mother",1,2,0,"no","yes","no","yes","yes","yes",4,3,4,2,3,4,12,12,12,11,"mother",1,2,0,"no","yes","no","yes","yes","yes",4,3,4,2,3,4,6,11,13,14
"296","GP","M",17,"U","GT3","T",4,3,"other","other","course","yes","yes","mother",1,2,0,"no","yes","no","yes","yes","yes",5,2,3,1,1,2,4,10,10,11,"mother",1,2,0,"no","yes","yes","yes","yes","yes",5,2,3,1,1,2,4,11,11,13
"297","GP","M",17,"U","GT3","T",4,4,"services","teacher","home","yes","yes","mother",1,1,0,"no","no","no","no","yes","no",5,2,3,1,2,5,4,17,15,16,"mother",1,1,0,"no","no","no","no","yes","no",5,2,3,1,2,5,4,13,13,14
"298","GP","M",17,"U","GT3","T",4,4,"teacher","teacher","reputation","yes","yes","mother",1,2,0,"yes","yes","no","yes","yes","yes",4,5,5,1,3,2,14,11,9,9,"mother",1,2,0,"yes","yes","no","yes","yes","yes",4,5,5,1,3,2,0,13,13,13
"299","GP","M",17,"U","LE3","A",3,2,"teacher","services","home","yes","yes","mother",1,1,1,"no","no","no","no","yes","no",4,4,4,3,4,3,19,11,9,10,"mother",1,1,0,"no","no","no","no","yes","no",4,4,4,3,4,3,18,13,13,13
"300","GP","M",17,"U","LE3","A",4,1,"services","other","home","yes","yes","mother",2,1,0,"no","no","yes","yes","yes","yes",4,5,4,2,4,5,30,8,8,8,"mother",2,1,0,"no","no","no","yes","yes","yes",4,5,4,2,4,5,22,11,11,10
"301","GP","M",17,"U","LE3","T",1,1,"health","other","course","yes","yes","mother",2,1,1,"no","yes","no","yes","yes","no",4,4,4,1,2,5,2,7,9,8,"mother",2,1,1,"no","yes","no","yes","yes","no",4,4,4,1,2,5,0,9,10,10
"302","GP","M",17,"U","LE3","T",2,2,"other","other","home","no","yes","father",1,2,0,"no","no","yes","yes","yes","yes",4,4,2,5,5,4,4,14,13,13,"father",1,2,0,"no","no","no","yes","yes","yes",4,4,2,5,5,4,0,16,16,16
"303","GP","M",17,"U","LE3","T",2,3,"services","services","reputation","no","yes","father",1,2,0,"no","yes","yes","no","yes","no",5,3,3,1,3,3,2,12,11,12,"father",1,2,0,"no","yes","no","no","yes","no",5,3,3,1,3,3,0,10,11,11
"304","GP","M",17,"U","LE3","T",4,3,"health","other","course","yes","yes","mother",2,2,0,"no","no","no","yes","yes","yes",2,5,5,1,4,5,14,12,12,12,"mother",2,2,0,"no","no","no","yes","yes","yes",2,5,5,1,4,5,8,15,15,15
"305","GP","M",17,"U","LE3","T",4,3,"teacher","other","course","yes","yes","mother",2,2,0,"no","no","yes","yes","yes","no",4,4,4,4,4,4,4,10,9,9,"mother",2,2,0,"no","no","no","yes","yes","no",4,4,4,4,4,4,0,10,11,11
"306","GP","M",17,"U","LE3","T",4,4,"other","teacher","home","yes","yes","father",2,1,0,"no","no","yes","no","yes","no",4,1,1,2,2,5,0,11,11,10,"father",2,1,0,"no","no","no","no","yes","no",4,1,1,2,2,5,0,12,13,13
"307","GP","M",17,"U","LE3","T",4,4,"services","other","home","yes","yes","mother",1,2,0,"no","yes","yes","no","yes","yes",5,3,5,4,5,3,13,12,12,13,"mother",1,2,0,"no","yes","no","no","yes","yes",5,3,5,4,5,3,15,13,12,12
"308","GP","M",17,"U","LE3","T",4,4,"teacher","other","reputation","yes","yes","mother",1,2,0,"no","yes","yes","yes","yes","no",4,4,4,1,3,5,0,13,11,10,"mother",1,2,0,"no","yes","no","yes","yes","no",4,4,4,1,3,5,0,11,9,10
"309","GP","M",18,"R","GT3","T",3,2,"other","other","course","no","no","mother",1,3,0,"no","no","no","yes","yes","no",5,3,2,1,1,3,1,13,12,12,"mother",1,3,0,"no","no","no","yes","yes","no",5,3,2,1,1,3,2,10,11,12
"310","GP","M",18,"R","GT3","T",4,3,"teacher","services","course","yes","yes","mother",1,3,0,"no","no","no","no","yes","yes",5,3,2,1,2,4,9,16,15,16,"mother",1,3,0,"no","no","no","no","yes","yes",5,3,2,1,2,4,4,15,14,17
"311","GP","M",18,"R","LE3","A",3,4,"other","other","reputation","yes","yes","mother",2,2,0,"no","yes","yes","yes","yes","no",4,2,5,3,4,1,13,17,17,17,"mother",2,2,0,"no","yes","no","yes","yes","no",4,2,5,3,4,1,6,15,16,16
"312","GP","M",18,"R","LE3","T",3,2,"services","other","reputation","yes","yes","mother",2,3,0,"no","yes","yes","yes","yes","no",5,4,2,1,1,4,8,14,13,14,"mother",2,3,0,"no","yes","no","yes","yes","no",5,4,2,1,1,4,0,14,15,15
"313","GP","M",18,"R","LE3","T",3,3,"other","services","course","yes","yes","mother",1,2,1,"no","yes","no","no","yes","yes",4,3,3,1,3,5,8,3,5,5,"mother",1,2,0,"no","yes","no","no","yes","yes",4,3,3,1,3,5,8,10,9,10
"314","GP","M",18,"U","GT3","T",2,1,"other","other","home","yes","yes","mother",1,2,0,"no","no","no","yes","yes","no",5,2,4,1,2,4,8,15,14,14,"mother",1,2,0,"no","no","no","yes","yes","no",5,2,4,1,2,4,2,16,16,16
"315","GP","M",18,"U","GT3","T",2,1,"services","services","other","no","yes","mother",1,1,1,"no","no","no","no","no","no",3,2,5,2,5,5,4,6,9,8,"mother",1,1,2,"no","no","no","no","no","no",3,2,5,2,5,5,4,7,8,6
"316","GP","M",18,"U","GT3","T",2,1,"services","services","reputation","yes","yes","mother",1,3,0,"no","no","yes","yes","yes","no",4,2,4,1,3,2,6,15,14,14,"mother",1,3,0,"no","no","no","yes","yes","no",4,2,4,1,3,2,0,14,15,15
"317","GP","M",18,"U","GT3","T",2,2,"other","other","home","yes","yes","mother",2,2,0,"no","yes","yes","no","yes","no",3,3,3,5,5,4,0,12,13,13,"mother",2,2,3,"no","yes","yes","no","yes","no",3,3,3,5,5,4,9,10,9,10
"318","GP","M",18,"U","GT3","T",2,2,"other","services","reputation","yes","yes","father",1,2,1,"no","no","no","no","no","no",5,5,4,3,5,2,0,7,7,0,"father",1,2,0,"no","no","no","no","no","no",5,5,4,3,5,2,16,8,7,8
"319","GP","M",18,"U","GT3","T",2,2,"services","other","home","yes","yes","mother",1,2,1,"no","yes","yes","yes","yes","no",4,4,4,2,4,5,15,6,7,8,"mother",1,2,0,"no","yes","no","yes","yes","no",4,4,4,2,4,5,10,12,11,11
"320","GP","M",18,"U","GT3","T",3,2,"services","other","course","yes","yes","mother",2,1,1,"no","no","no","no","no","no",4,4,5,2,4,5,0,6,8,8,"mother",2,1,0,"no","no","no","no","no","no",4,4,5,2,4,5,8,7,8,7
"321","GP","M",18,"U","GT3","T",4,2,"health","other","reputation","yes","yes","father",1,2,0,"no","yes","yes","yes","yes","yes",5,4,5,1,3,5,10,10,9,10,"father",1,2,0,"no","yes","no","yes","yes","yes",5,4,5,1,3,5,4,10,12,14
"322","GP","M",18,"U","GT3","T",4,2,"teacher","other","home","yes","yes","mother",1,2,0,"no","yes","yes","yes","yes","yes",4,3,2,1,4,5,11,12,11,11,"mother",1,2,0,"no","yes","no","yes","yes","yes",4,3,2,1,4,5,2,15,16,16
"323","GP","M",18,"U","GT3","T",4,3,"teacher","other","course","no","yes","mother",1,2,0,"no","yes","yes","no","yes","no",4,3,2,1,1,3,2,8,8,8,"mother",1,2,0,"no","yes","no","no","yes","no",4,3,2,1,1,3,2,10,10,11
"324","GP","M",18,"U","GT3","T",4,3,"teacher","other","course","yes","yes","mother",1,3,0,"no","yes","yes","no","yes","yes",5,4,5,2,3,5,0,10,10,9,"mother",1,3,0,"no","yes","no","no","yes","yes",5,4,5,2,3,5,0,14,13,14
"325","GP","M",18,"U","GT3","T",4,4,"other","other","course","yes","yes","mother",1,3,0,"no","no","no","yes","yes","no",4,3,3,2,2,3,3,9,12,11,"mother",1,3,0,"no","no","no","yes","yes","no",4,3,3,2,2,3,0,13,14,13
"326","GP","M",18,"U","GT3","T",4,4,"teacher","services","home","yes","yes","mother",2,1,0,"no","no","yes","yes","yes","no",3,2,4,1,4,3,22,9,9,9,"father",1,2,0,"no","yes","no","yes","yes","no",4,3,3,2,2,2,0,12,12,13
"327","GP","M",18,"U","GT3","T",4,4,"teacher","services","home","yes","yes","mother",2,1,0,"no","no","yes","yes","yes","no",3,2,4,1,4,3,22,9,9,9,"mother",2,1,0,"no","no","no","yes","yes","no",3,2,4,1,4,3,6,11,12,12
"328","GP","M",18,"U","GT3","T",4,4,"teacher","services","home","yes","yes","father",1,2,1,"no","yes","no","yes","yes","no",4,3,3,2,2,2,0,10,10,0,"father",1,2,0,"no","yes","no","yes","yes","no",4,3,3,2,2,2,0,12,12,13
"329","GP","M",18,"U","GT3","T",4,4,"teacher","services","home","yes","yes","father",1,2,1,"no","yes","no","yes","yes","no",4,3,3,2,2,2,0,10,10,0,"mother",2,1,0,"no","no","no","yes","yes","no",3,2,4,1,4,3,6,11,12,12
"330","GP","M",18,"U","LE3","A",4,4,"teacher","teacher","reputation","yes","yes","mother",1,2,0,"no","yes","yes","yes","yes","no",5,4,3,1,1,2,9,15,13,15,"mother",1,2,0,"no","yes","no","yes","yes","no",5,4,3,1,1,2,0,17,17,17
"331","GP","M",18,"U","LE3","T",1,1,"other","other","course","yes","yes","mother",1,1,3,"no","no","no","no","no","yes",2,3,5,2,5,4,0,6,5,0,"mother",1,1,2,"no","no","no","no","no","yes",2,3,5,2,5,4,0,11,9,0
"332","GP","M",18,"U","LE3","T",2,1,"at_home","other","course","yes","yes","mother",4,2,0,"yes","yes","yes","yes","yes","yes",4,3,2,4,5,3,14,10,8,9,"mother",4,2,0,"yes","yes","no","yes","yes","yes",4,3,2,4,5,3,2,9,10,11
"333","GP","M",18,"U","LE3","T",2,2,"other","other","course","yes","yes","mother",1,4,0,"no","yes","no","yes","yes","no",4,5,5,2,4,5,2,9,8,8,"mother",1,4,0,"no","yes","yes","yes","yes","no",4,5,5,2,4,5,0,11,11,12
"334","GP","M",18,"U","LE3","T",3,3,"services","health","home","yes","yes","father",1,2,1,"no","yes","yes","no","yes","no",3,2,4,2,4,4,13,6,6,8,"father",1,2,0,"no","yes","no","no","yes","no",3,2,4,2,4,4,10,10,10,10
"335","GP","M",18,"U","LE3","T",3,4,"services","other","home","yes","yes","mother",1,2,0,"no","no","no","yes","yes","yes",4,3,3,1,3,5,11,16,15,15,"mother",1,2,0,"no","no","no","yes","yes","yes",4,3,3,1,3,5,6,16,16,17
"336","GP","M",18,"U","LE3","T",4,3,"teacher","services","course","yes","yes","mother",2,1,0,"no","no","yes","yes","yes","no",4,2,3,1,2,1,8,10,11,10,"mother",2,1,0,"no","no","no","yes","yes","no",4,2,3,1,2,1,0,10,10,10
"337","GP","M",18,"U","LE3","T",4,4,"teacher","teacher","home","yes","yes","mother",1,1,0,"no","yes","yes","no","yes","yes",1,4,2,2,2,1,5,16,15,16,"mother",1,1,0,"no","yes","no","no","yes","yes",1,4,2,2,2,1,0,18,18,17
"338","GP","M",19,"R","GT3","T",3,3,"other","services","reputation","yes","no","father",1,2,1,"no","no","no","yes","yes","yes",4,5,3,1,2,5,0,15,12,12,"father",1,2,0,"no","no","no","yes","yes","yes",4,5,3,1,2,5,0,10,10,11
"339","GP","M",19,"U","GT3","T",3,2,"services","at_home","home","yes","yes","mother",1,1,3,"no","yes","no","no","no","yes",4,5,4,1,1,4,0,5,0,0,"mother",1,1,0,"no","yes","no","no","no","yes",4,5,4,1,1,4,6,11,9,11
"340","GP","M",19,"U","LE3","A",4,3,"services","at_home","reputation","yes","yes","mother",1,2,0,"no","yes","no","no","yes","no",4,3,1,1,1,1,12,11,11,11,"mother",1,2,0,"no","yes","no","no","yes","no",4,3,1,1,1,1,4,11,13,14
"341","GP","M",20,"U","GT3","A",3,2,"services","other","course","yes","no","other",1,1,0,"no","no","no","yes","yes","no",5,5,3,1,1,5,0,17,18,18,"other",1,1,2,"no","no","no","yes","yes","no",5,5,3,1,1,5,0,14,15,15
"342","GP","M",22,"U","GT3","T",3,1,"services","services","other","no","yes","mother",1,1,3,"no","no","no","no","no","yes",5,4,5,5,5,1,16,6,8,8,"mother",1,1,3,"no","no","no","no","no","yes",5,4,5,5,5,1,12,7,8,5
"343","MS","F",17,"R","GT3","T",1,1,"other","services","reputation","yes","yes","mother",3,1,1,"no","yes","yes","no","yes","yes",5,2,1,1,2,1,0,7,6,0,"mother",3,1,1,"no","yes","no","no","yes","yes",5,2,1,1,2,1,0,8,8,9
"344","MS","F",17,"R","GT3","T",1,2,"other","other","course","yes","yes","mother",1,1,0,"no","no","no","yes","yes","no",3,5,5,1,3,1,14,6,5,5,"mother",1,1,0,"no","no","no","yes","yes","no",3,5,5,1,3,1,4,7,8,9
"345","MS","F",17,"R","GT3","T",1,2,"other","services","course","no","no","father",2,2,0,"no","no","no","no","yes","no",3,2,2,1,2,3,0,12,11,12,"father",2,2,0,"no","no","no","no","yes","no",3,2,2,1,2,3,0,13,13,13
"346","MS","F",17,"R","GT3","T",3,1,"at_home","other","reputation","no","yes","mother",1,2,0,"no","yes","yes","yes","yes","no",4,5,4,2,3,1,17,10,10,10,"mother",1,2,0,"no","yes","no","yes","yes","no",4,5,4,2,3,1,10,8,9,9
"347","MS","F",17,"R","GT3","T",4,4,"teacher","services","other","yes","yes","father",2,2,0,"no","yes","yes","yes","yes","no",4,3,3,1,2,5,4,12,13,13,"father",2,2,0,"no","yes","yes","yes","yes","no",4,3,3,1,2,5,2,12,12,12
"348","MS","F",17,"U","GT3","T",2,2,"other","at_home","home","yes","no","mother",1,3,0,"no","no","no","yes","yes","yes",3,4,3,1,1,3,8,13,11,11,"mother",1,3,0,"no","no","no","yes","yes","yes",3,4,3,1,1,3,8,10,11,12
"349","MS","F",17,"U","LE3","A",3,2,"services","other","reputation","yes","no","mother",2,2,0,"no","no","no","no","yes","yes",1,2,3,1,2,5,2,12,12,11,"mother",2,2,0,"no","no","no","no","yes","yes",1,2,3,1,2,5,0,15,14,15
"350","MS","F",17,"U","LE3","T",4,4,"at_home","at_home","course","yes","yes","mother",1,2,0,"no","yes","yes","yes","yes","yes",2,3,4,1,1,1,0,16,15,15,"mother",1,2,0,"no","yes","no","yes","yes","yes",2,3,4,1,1,1,4,15,14,15
"351","MS","F",18,"R","GT3","T",1,1,"other","other","home","yes","yes","mother",4,3,0,"no","no","no","no","yes","no",4,3,2,1,2,4,2,8,8,10,"mother",4,3,0,"no","no","no","no","yes","no",4,3,2,1,2,4,4,10,11,12
"352","MS","F",18,"R","GT3","T",2,2,"at_home","other","other","yes","no","mother",2,3,0,"no","no","yes","no","yes","no",5,3,3,1,3,4,2,10,9,10,"mother",2,3,0,"no","no","no","no","yes","no",5,3,3,1,3,4,0,14,17,15
"353","MS","F",18,"R","GT3","T",4,4,"other","teacher","other","no","yes","father",3,2,0,"no","yes","yes","no","yes","yes",3,2,2,4,2,5,10,14,12,11,"father",3,2,0,"no","yes","no","no","yes","yes",3,2,2,4,2,5,0,7,5,0
"354","MS","F",18,"R","GT3","T",4,4,"teacher","at_home","reputation","yes","yes","mother",3,1,0,"no","yes","yes","yes","yes","yes",4,4,3,2,2,5,7,6,5,6,"mother",3,1,0,"no","yes","no","yes","yes","yes",4,4,3,2,2,5,4,7,9,10
"355","MS","F",18,"R","LE3","T",4,4,"other","other","reputation","yes","yes","mother",2,3,0,"no","no","no","no","yes","no",5,4,4,1,1,1,0,19,18,19,"mother",2,3,0,"no","no","no","no","yes","no",5,4,4,1,1,1,0,15,17,17
"356","MS","F",18,"R","LE3","T",4,4,"teacher","services","course","yes","yes","mother",1,2,0,"no","no","yes","yes","yes","no",5,4,3,3,4,2,4,8,9,10,"mother",1,2,0,"no","no","no","yes","yes","no",5,4,3,3,4,2,1,13,14,14
"357","MS","F",18,"U","GT3","T",1,1,"other","other","course","yes","no","mother",2,2,1,"no","no","no","yes","yes","no",1,1,1,1,1,5,0,6,5,0,"mother",3,2,2,"no","no","no","yes","yes","yes",3,4,4,2,2,5,3,7,8,7
"358","MS","F",18,"U","GT3","T",1,1,"other","other","course","yes","no","mother",2,2,1,"no","no","no","yes","yes","no",1,1,1,1,1,5,0,6,5,0,"mother",2,2,0,"no","no","no","yes","yes","no",1,1,1,1,1,5,6,11,12,9
"359","MS","F",18,"U","GT3","T",2,3,"at_home","services","course","yes","yes","father",2,1,0,"no","yes","yes","no","yes","yes",5,2,3,1,2,4,0,11,10,10,"father",2,1,0,"no","yes","no","no","yes","yes",5,2,3,1,2,4,0,10,10,10
"360","MS","F",18,"U","GT3","T",3,3,"other","other","home","yes","yes","mother",1,2,0,"no","no","yes","no","yes","yes",4,1,3,1,2,1,0,15,15,15,"mother",1,2,0,"no","no","no","no","yes","yes",4,1,3,1,2,1,1,16,16,16
"361","MS","F",18,"U","GT3","T",3,3,"services","services","course","yes","no","father",1,2,0,"no","yes","no","no","yes","yes",5,3,4,1,1,5,0,10,9,9,"father",1,2,0,"no","yes","no","no","yes","yes",5,3,4,1,1,5,0,10,10,10
"362","MS","F",18,"U","GT3","T",3,3,"services","services","other","yes","yes","mother",2,2,0,"no","yes","no","no","yes","yes",4,3,2,1,3,3,0,11,11,10,"mother",2,2,0,"no","yes","no","no","yes","yes",4,3,2,1,3,3,6,13,12,13
"363","MS","F",18,"U","LE3","T",1,1,"at_home","services","course","yes","yes","father",2,3,0,"no","no","no","no","yes","no",5,3,2,1,1,4,0,18,16,16,"father",2,3,0,"no","no","no","no","yes","no",5,3,2,1,1,4,0,19,17,18
"364","MS","F",18,"U","LE3","T",3,1,"teacher","services","course","yes","yes","mother",1,2,0,"no","yes","yes","no","yes","no",4,3,4,1,1,1,0,7,9,8,"mother",1,2,0,"no","yes","no","no","yes","no",4,3,4,1,1,1,4,15,15,16
"365","MS","F",19,"R","GT3","T",2,3,"services","other","course","no","yes","mother",1,3,1,"no","no","no","yes","yes","no",5,4,2,1,2,5,0,7,5,0,"mother",1,3,1,"no","no","no","yes","yes","no",5,4,2,1,2,5,4,10,11,10
"366","MS","M",17,"R","GT3","T",4,3,"services","other","home","no","yes","mother",2,2,0,"no","yes","yes","yes","yes","yes",4,5,5,1,3,2,4,13,11,11,"mother",2,2,1,"no","yes","yes","yes","yes","yes",4,5,5,1,3,2,4,10,11,11
"367","MS","M",17,"U","GT3","T",2,3,"other","services","home","yes","yes","father",2,2,0,"no","no","no","yes","yes","no",4,4,3,1,1,3,2,11,11,10,"father",2,2,0,"no","no","no","yes","yes","no",4,4,3,1,1,3,4,14,15,16
"368","MS","M",17,"U","GT3","T",3,3,"health","other","course","yes","yes","mother",2,2,0,"no","yes","yes","no","yes","no",4,5,4,2,3,3,2,13,13,13,"mother",2,2,1,"no","yes","no","no","yes","no",4,5,4,2,3,3,4,8,9,10
"369","MS","M",17,"U","LE3","T",3,1,"services","services","course","no","yes","mother",2,1,0,"no","no","no","no","yes","no",2,4,5,3,4,2,3,14,16,16,"mother",2,1,0,"no","no","no","no","yes","no",2,4,5,3,4,2,6,10,10,10
"370","MS","M",18,"R","GT3","T",1,3,"at_home","other","course","yes","no","mother",2,2,0,"no","yes","yes","no","yes","no",3,3,4,2,4,3,4,10,10,10,"mother",2,2,0,"no","yes","yes","no","yes","no",3,3,4,2,4,3,0,8,10,9
"371","MS","M",18,"R","GT3","T",2,1,"other","other","other","no","yes","mother",2,1,0,"no","no","no","yes","yes","yes",4,4,3,1,3,5,5,7,6,7,"mother",2,1,0,"no","no","no","yes","yes","yes",4,4,3,1,3,5,0,7,7,0
"372","MS","M",18,"R","GT3","T",3,2,"other","other","course","no","yes","mother",2,1,1,"no","yes","no","no","yes","no",2,5,5,5,5,5,10,11,13,13,"mother",2,1,0,"no","yes","no","no","yes","no",2,5,5,5,5,5,8,9,10,11
"373","MS","M",18,"R","GT3","T",4,2,"other","other","home","yes","no","father",2,1,1,"no","no","yes","no","yes","no",5,4,3,4,3,3,14,6,5,5,"father",2,1,1,"no","no","yes","no","yes","no",5,4,3,4,3,3,0,7,7,0
"374","MS","M",18,"R","LE3","T",1,2,"at_home","services","other","yes","yes","father",3,1,0,"no","yes","yes","yes","no","yes",4,3,3,2,3,3,3,14,12,12,"father",3,1,0,"no","yes","no","yes","no","yes",4,3,3,2,3,3,3,9,10,10
"375","MS","M",18,"R","LE3","T",3,2,"services","other","course","no","yes","mother",3,1,0,"no","no","no","no","yes","no",4,4,1,3,4,5,0,11,12,10,"mother",3,1,0,"no","no","no","no","yes","no",4,4,1,3,4,5,4,10,11,11
"376","MS","M",18,"U","GT3","T",4,4,"teacher","teacher","home","no","yes","father",1,2,0,"no","no","yes","yes","yes","no",3,2,4,1,4,2,4,15,14,14,"father",1,2,0,"no","no","no","yes","yes","no",3,2,4,1,4,2,4,17,18,19
"377","MS","M",18,"U","LE3","T",1,1,"other","services","home","no","yes","father",2,1,0,"no","no","no","no","yes","yes",3,3,2,1,2,3,4,10,10,10,"father",2,1,0,"no","no","no","no","yes","yes",3,3,2,1,2,3,2,14,13,14
"378","MS","M",18,"U","LE3","T",1,3,"at_home","services","course","yes","yes","mother",1,1,1,"no","no","no","no","no","yes",4,3,3,2,3,3,7,8,7,8,"mother",1,1,0,"no","no","no","no","no","yes",4,3,3,2,3,3,0,9,10,9
"379","MS","M",18,"U","LE3","T",4,4,"teacher","services","other","yes","yes","mother",2,3,0,"no","no","yes","no","yes","yes",4,2,2,2,2,5,0,13,13,13,"mother",2,3,0,"no","no","no","no","yes","yes",4,2,2,2,2,5,0,15,16,16
"380","MS","M",19,"R","GT3","T",1,1,"other","other","home","yes","yes","other",3,1,1,"no","yes","no","no","yes","no",4,4,4,3,3,5,4,8,8,8,"other",3,1,1,"no","yes","no","no","yes","no",4,4,4,3,3,5,4,8,9,10
"381","MS","M",19,"R","GT3","T",1,1,"other","services","home","yes","yes","other",3,2,3,"no","no","no","no","yes","no",5,4,4,3,3,2,8,8,7,8,"other",3,2,1,"no","no","no","no","yes","no",5,4,4,3,3,2,8,10,9,11
"382","MS","M",19,"R","GT3","T",1,1,"other","services","other","yes","no","mother",2,1,1,"no","no","no","no","yes","no",4,3,2,1,3,5,0,6,5,0,"mother",2,1,1,"no","no","no","no","yes","no",4,3,2,1,3,5,0,5,8,0
